title,url,writer,date,content
인공지능의 시대가 오면서 커지는 가상 납치극의 위험,http://boannews.com/media/view.asp?idx=123486&page=1&kind=1,문가용 기자,2023년 11월 07일 17:26,"['인터넷 공간에 널리 퍼진 각종 정보들만 적당히 수집하고 조합해도 공격자들은 인공지능이라는 기술을 가지고 매우 그럴싸한 콘텐츠를 만들 수 있다. 그렇기 때문에 납치되어 도움을 요청하는 자녀의 목소리도 얼마든지 생성할 수 있다.', '[보안뉴스 문정후 기자] 당신의 사랑하는 자녀가 울부짖으며 도와달라고 전화를 했다면, 침착하게 대응할 확률은 얼마나 될까? 아니, 침착한 대응을 넘어 의심 가득한 말투로 조롱하거나 아예 전화를 끊어버리고도 아무렇지 않을 확률은 얼마나 될까? 보안 업체 트렌드마이크로(Trend Micro)의 연구원 두 명이 올해 열릴 블랙햇유럽(Black Hat Europe)에서 ‘가상의 납치’라는 주제로 발표를 진행하며 이 질문을 다룰 예정이라고 해 관심을 끌고 있다.', '가상의 납치라는 개념은 새로운 것이 전혀 아니다. 이미 공격자들과 보안 전문가들 사이에서는 잘 알려져 있다. 사이버 공격을 통해 시스템이나 네트워크를 침해하고, 소셜미디어나 다크웹에서 첩보를 수집하고, 음성을 복제할 수 있는 인공지능 기반 소프트웨어를 활용한다면 가상의 납치 혹은 가상의 유괴극이 얼마든지 가능하다는 건 잘 알려져 있기까지 하다. 아무리 사랑하는 이의 목소리라 하더라도 정교한 인공지능으로 얼마든지 재현할 수 있고, 이를 귀로 구분하는 건 대단히 어렵다. 공격자들이 실제로 인공지능의 이러한 기능에 주목하는 이유다.', '“다크웹 해킹 포럼에 가보면 가상의 납치를 진지하게 논하는 사람들을 많이 찾을 수 있습니다. 공격자들은 가상으로 납치하는 것의 장점과 특징들을 계속해서 이야기하고 있으며, 이런 주제의 게시글은 어느 해킹 포럼에서나 꾸준히 올라옵니다.” 트렌드마이크로의 수석 위협 방어 아키텍트인 크레이그 깁슨(Craig Gibson)의 설명이다. “여기서 꾸준하다는 건 언제 어디에서나 접속해도 최소 150건의 새 글을 볼 수 있다는 겁니다.”', '가상의 납치, 어떤 식으로 벌어지는가?', '진짜 납치와 마찬가지로 가상의 납치 역시 납치 대상자를 물색하는 것부터 시작한다. 당연하지만 납치될 대상자와 함께 협상의 대상자까지도 같이 고려해야 한다. 즉 아무런 가족이나 친지도 없는 사람을 납치해봐야 큰 소득이 없을 수 있으니 가족이 있는 사람 중 협상에 쉽게 응할 만한 사람을 찾는 게 중요하다고 깁슨은 짚는다.', '“하지만 범죄자들이라고 해서 납치할 대상자를 24시간 사시사철 마음 속에 두고 있지는 않습니다. 범죄는 저지르고 싶은데 대상자가 없을 수 있습니다. 그럴 때 그들은 소셜미디어나 다크웹에서 유통되는 개인정보를 탐색합니다. 그러면서 눈에 띄는 사람을 찾는 것이죠. 이 단계에서도 소프트웨어의 강력함을 활용하는 게 가능합니다. 예를 들어 광고 분석용 소프트웨어를 사용해 데이터들을 분석하면 공격자가 원하는 조건에 맞춰 가장 바람직한 표적이 될 만한 사람을 간편하게 찾아낼 수 있습니다. 이런 말들은 이미 다크웹에서 충분이 오가는 중입니다.”', '‘누구를 공격할 것인가’를 충분히 해결했다면 다음으로는 ‘언제 공격할 것인가’를 정해야 한다. 소셜미디어의 세부적인 정보를 통해 이에 대한 답을 찾아내는 게 가능하다. 얼마 전 실제로 가상 유괴극에 당했던 제니퍼 드스테파노(Jennifer DeStefano)의 경우에도 소셜미디어가 공격자들에게 많은 힌트를 제공한 것으로 보인다고 증언한 바 있다. “지난 4월의 어느 오후 저에게 전화가 걸려왔습니다. 모르는 번호였어요. 받았더니 큰 딸이 울면서 “엄마!”하고 부르더라고요. “다 망쳤어요!”라면서요.', '당시 드스테파노의 큰 딸은 북부 지역에서 스키 경주를 앞두고 한창 훈련을 받고 있었다. 그래서 드스테파노는 딸이 부상을 입었을 것이라고 생각했다. 그런데 갑자기 다른 목소리가 전화기에서 흘러나왔다. “당신 잘 들어. 당신 딸은 우리가 데리고 있어. 경찰이나 다른 어떤 사람한테 이 사실을 알리면 온갖 마약을 딸 몸에 쑤셔 넣을 거야. 그런 다음 내가 마음대로 데리고 놀다가 멕시코 아무데나 떨어트려 놓겠어. 그럼 당신은 딸을 영원히 못 보겠지.” 그러면서 이 자는 100만 달러를 현금으로 요구했다.', '나중에 밝혀진 사실이지만 당시 범인들이 사용했던 큰 딸의 목소리는 인공지능으로 만들어 녹음해 둔 것이었다. 드스테파노는 기계에서 나온 것이라고는 상상도 하지 못했다. 너무나 진짜와 똑같았기 때문이다. 인공지능의 목소리가 얼마나 실감났던지 수시간 뒤 아들이 자기 누나와 통화 연결에 성공해서 엄마인 드스테파노에게 바꿔줬을 때, 그래서 큰 딸의 진짜 목소리를 수화기로 들었을 때조차 믿을 수 없었다고 한다. “아이의 도와달라는 목소리가 계속 귀에서 맴돌아서 진짜 딸의 목소리를 듣고도 그게 딸이라는 걸 믿을 수 없었습니다.”', '납치범들의 실력은 계속 좋아질 것', '드스테파노의 집안을 상대로 가짜 납치극을 벌인 범인들은 소셜미디어를 통해 집안 살림이 넉넉하고 딸이 집에서 언제 떨어져 있는지를 상세히 파악한 것으로 보인다. 그래서 표적으로 설정한 뒤 딸에게 전화를 걸어 통화를 해가며 목소리 샘플을 수집했을 것으로 추정된다. 아니면 인터넷 어딘가에서 목소리를 확보했을 수도 있다. 그렇게 해서 이번 공격은 거의 성공할 뻔 했으나 아슬아슬하게 실패했다.', '공격이 실패로 끝났다고 해서 안심할 수 있는 건 아니다. 공격자들은 계속해서 발전하고 있기 때문이다. 예를 들어 심스와핑 공격을 드스테파노 가상 납치 사건의 범인들이 혼합했다면 어떻게 됐을까? 공격자들은 딸의 핸드폰으로 들어오는 통화 요청이나 문자 메시지를 중간에서 가로챔으로써 가상 납치극을 보다 현실감 있게 뒤바꿀 수 있었을 것이다. 그러므로 아들이 딸에게 전화를 걸어 가짜 납치극의 정체가 탄로나는 일도 없었을 것이다.', '인공지능 기술 자체의 발전 역시 이런 식의 공격을 보다 날카롭고 실제적으로 만들어준다. “챗GPT라는 도구를 활용한다면 공격자들은 피해자와 관련된 방대한 분량의 데이터를 분석해 패턴을 만들어낼 수 있고, 그렇게 된다면 음성이나 영상 정보 외에 다른 정보들도 활용할 수 있게 됩니다. 피해자와 똑같은 소리와 모습만 만들어내는 게 아니라, 그걸 보다 입체적인 상황 안에서 활용할 수 있게 된다는 것이죠. 피해자나 피해자의 가족이 속을 수밖에 없는 겁니다.”', '게다가 음성을 텍스트로 변환시켜 주는 자동화 소프트웨어와 챗GPT를 결합해서 사용하면 어떻게 될까? 이론 상 피해자의 목소리를 실시간으로 흉내 낼 수 있게 되며, 따라서 피해자의 목소리로 대화를 진행할 수도 있게 된다. 이러한 실험은 이미 여러 연구자들이 진행한 바 있으며, 적잖은 성공을 거둔 경우들도 적지 않다. “이런 기술을 피해자에게만 적용할까요? 범인이 영어를 잘 못하는 사람이라면 어떨까요? 챗GPT나 각종 인공지능 기술 덕에 갑자기 영어로 협박하고 협상하는 게 가능해집니다. 어느 나라의 사람이건 가상의 납치를 할 수 있다는 뜻입니다.” 깁슨의 지적이다.', '가상의 납치, 어떻게 방어해야 하는가?', '사이버 범죄자들은 기존의 사이버 협박 공격보다 인공지능을 활용한 ‘가상의 납치’를 선호하기 시작했다고 깁슨은 말한다. ""그리고 거기에는 다 이유가 있습니다. 기존의 사이버 공격이나 사이버 사기 및 협박 사건은 IT 기술과 생태계라는 원 안에서 이뤄졌습니다. 보안 장치나 기술들도 다 그 원 안에서만 존재했죠. 공격자들도요. 그리고 그 원 밖에는 인간의 세상이 있고요. 그런데 이 가상의 납치라는 범죄 유형이 나타나면서 갑자기 사이버 공격이 원 밖으로 나와 인간 세상을 직접 공격하기 시작했습니다. 우리에게는 아직 이런 공격에 대한 방어 기술이 없습니다. 원 안의 문제 따로, 원 밖의 문제 따로 해결하는 게 우리의 한계였지요.”', '깁슨의 말대로 아직 우리에게는 기술적으로 가상의 납치극에 대항할 만한 능력이 없다. “모르는 번호로 걸려온 전화를 받지 않는 게 지금으로서는 가장 현실적인 방어법이 아닐까 합니다. 아니면 아무도 모르게 외국어를 익혀 수상한 전화를 받으면 곧바로 그 언어로 대화를 시도한다든지 하는 방법도 있을 수 있습니다. 제2 외국어를 활용한다면 인공지능 알고리즘을 혼란스럽게 할 수 있습니다.”', '글 : 네이트 넬슨(Nate Nelson), IT 칼럼니스트', '[국제부 문정후 기자(', 'globoan@boannews.com', ')]']"
2024년 정보보호·정보보안 대학원 신입생 모집현황 총정리,http://boannews.com/media/view.asp?idx=123483&page=1&kind=3,원병철 기자,2023년 11월 07일 16:51,"['11월 7일 현재 지원 가능한 정보보호·정보보안 대학원 13개 대학 21개 학과', '전통적인 정보보호·정보보안 학과부터 융합보안과 사이버포렌식, 산업보안 등 다양해', '[보안뉴스 원병철 기자] 오는 11월 16일 수학능력시험을 시작으로 본격적인 입시철이 시작된다. 특히, 정보보호 및 정보보안 분야에 비전을 품고 보다 깊은 내용을 배우기 위해 석사와 박사를 준비하는 학생들은 학사보다 좀 더 빠르게 움직여야 한다. 대부분의 대학원이 대학보다 원서접수 기간이 빠르기 때문이다.', '실제로 고려대학교와 KAIST 등 일부 대학원들은 이미 원서접수 기간이 끝난 상태다. 건국대학교와 한양대학교, 경희대학교와 전남대학교 등 정보보호·정보보안 관련 학과를 보유한 다른 대학들도 마찬가지다. 이에 본지는 11월 7일 기준으로 지원이 가능한 정보보호·정보보안 대학원 13개 대학 21개 학과를 소개한다.', '경기대학교 일반대학원', '은 오는 11월 9일까지 SW안전보안학과 신입생을 모집한다. SW안전보안학과는 SW안전 및 보안 전문인력 양성을 목표로 SW안전관리, SW윤리, SW안전메커니즘, SW위험분석, SW안전대책평가 등 SW안전보안 분야를 연구한다.', '단국대학교 행정법무대학원', '은 11월 30일까지 융합보안학과 과학수사전공과 산업보안전공을 각각 모집한다. 융합보안학과 과학수사전공은 증거의 과학적 수집과 분석, 체계적 관리에 대해 연구하며, 산업보안전공은 국가 차원에서 운영되는 정보의 체계, 지식재산권 보호, 산업기밀 보호, 정보의 분석 및 예측 등에 관한 전문 교과목을 운영한다.', '동국대학교 국제정보보호대학원', '은 11월 8일까지 정보보호학과와 사이버포렌식학과 2개 학과 신입생을 모집한다. 정보보호학과는 정보보호전공, 블록체인보안전공, 인공지능보안전공으로, 사이버포렌식학과는 사이버포렌식전공, 금융정보조사전공으로 구분된다.', '명지대학교 일반대학원', '은 11월 10일까지 보안경영공학과와 방산안보학과 신입생을 찾는다. 보안경영공학과는 사이버보안, 국방보안, 산업보안, 보안 경영, 드론 보안 등을 연구하며, 방산안보학과는 방위산업, 국방기술, 방산기술보호, 방산보안, 국가안보, 국가정보 등을 연구한다. 또한,', '명지대학교 산업대학원', '은 12월 5일까지 융합보안안보학과 신입생을 뽑는다. 융합보안안보학과는 보안(정보보호, 방산기술보호, 방산보안 등)과 안보(국가정보, 국가안보, 북한학, 무기체계 등)에 관한 연구를 진행한다.', '부경대학교 일반대학원', '은 11월 16일까지 정보보호학과 신입생을 뽑는다. 정보보호학과는 수학과 암호학에 기본 바탕을 둔 암호기술과 네트워크 보호 기술, 응용 서비스 보호 기술 등 정보보호 분야는 물론 이와 상호 관련된 정보보호 관련법에 대해 연구한다.', '상명대학교 일반대학원', '은 11월 7일까지 국가안보학과와 저작권학과 신입생을 모집한다. 국가안보학과는 국방분야의 이론 및 정책실무 역량 구비를 통해 미래를 선도할 국방·안보분야 전문가를 육성하며, 저작권학과는 저작권 제도에 관련된 연구자를 양성하기 위해 관련 법, 실무, 기술에 대한 이론 교육과 실무의 이해를 돕는다.', '서강대학교 정보통신대학원', '은 11월 17일까지 정보보호 전공 신입생을 뽑는다. 정보보호 트랙, 디지털 포렌식 트랙, 금융보안 트랙 등의 세부 전공 트랙을 두며, 각각 중요한 데이터를 보호하기 위한 여러 정보보호 기법, 범죄 수사에 사용되는 디지털 정보의 과학적 수집 및 분석기법, 금융 부문 정보자산의 유출 및 피해 발생에 대한 사전예방과 대처를 위한 다양한 기법을 각각 배운다.', '세종사이버대학교 정보보호대학원', '은 12월 15일까지 신입생을 모집한다. 체계적인 학습 기회를 통해 실무와 이론을 겸비한 정보보호 분야 최고의 전문가를 양성하며, 국제자격증인 CISA, CISSP, CCFP와 국내 공인 자격증인 정보보안기사, 인터넷보안전문가 자격증 등을 취득할 수 있는 커리큘럼을 제공한다.', '순천향대학교 일반대학원', '은 11월 14일까지 모빌리티융합보안학과와 정보보호학과(학연산협동과정) 학생을 각각 모집한다. 모빌리티융합보안학과는 미래자동차 산업에 필요한 기본적인 요소 기술을 익히고 이와 관련한 보안 취약점을 발굴하며, 이러한 취약점과 관련한 사이버위협에 대응할 수 있는 핵심인재를 양성한다. 정보보호학과(학연산협동과정)는 정보보호 전문성 강화 프로그램을 통한 이론 및 실무를 겸비한 인력을 양성함으로써 국가 정보보호 전문기관과 전문기업에 진출할 수 있도록 돕는다.', '숭실대학교 정보과학대학원', '은 11월 9일까지 정보보안학과 신입생을 뽑는다. 스마트 시대의 보안 위협 증가에 대비한 차별화된 정보보안 전문가 양성을 목표로 정보보호 기반 기술과 응용 기술, 정책 등 다양한 교육과정을 편성해 융합형 보안 전문가 양성에 나선다.', '아주대학교 정보통신대학원', '은 11월 26일까지 사이버보안전공 신입생을 모집한다. 정보보호의 기본이 되는 도구로서의 암호학 기초 이론, 시스템 및 네트워크에서 발생할 수 있는 보호 문제 제시와 방법론 소개, 인프라 공격과 개인정보보호 등을 포함한 사회학적 문제들도 연구한다.', '연세대학교 정보대학원', '은 11월 8일까지 정보보호 트랙 신입생을 뽑는다. 정보보호 트랙은 정보보호의 기술적 측면뿐만 아니라 정책 및 관리, 국제 협력의 중요성을 이해하는 차세대 리더 양성을 목표로 한다. 이 때문에 정보기술과 정보보호기술은 물론, 프라이버시 보호, 정보 관리, 디지털 법 제도, 경제성 분석, 다양한 문화와 가치 등 전공 심화 및 선택과목을 통해 정책 전문가의 자질도 확보한다.', '중앙대학교', '는 일반대학원의 융합보안학과, 보안대학원의 산업보안정책학과와 산업융합보안학과를 각각 모집한다. 융합보안학과는 11월 13일까지 원서를 접수하며, 보안대학원은 12월 3일까지 접수한다. 산업보안정책학과는 핵심기술과 산업 활동에 유용한 기술상, 경영정보의 정보를 산업스파이, 탈취, 침해, 내부유출, 해킹 등으로부터 보호·관리하는 활동을 연구한다. 또한, 산업융합보안학과는 ICT 기술이 내재된 융합제품과 서비스(자율주행 자동차, 지능형 제조공장, 스마트 관광, 맞춤형 헬스케어 등)를 대상으로 현재 또는 미래의 위험을 식별하고 다차원적 보안대책들을 설계하여 실무적인 적용하기 위한 지식과 역량 등을 학습한다.', '[원병철 기자(', 'boanone@boannews.com', ')]']"
[한국정보보호학회 연구회 릴레이 인터뷰-4] 방산기술보호연구회 류연승 위원장,http://boannews.com/media/view.asp?idx=123410&page=1&kind=3,원병철 기자,2023년 11월 07일 16:43,"['류연승 위원장 “방산기술 세계 9위...그만큼 이를 노리는 사이버 공격 많아”', '인공지능과 클라우드 활용한 방산기술 연구와 안티탬퍼 등 관련 이슈에 대한 논의 시급', '[보안뉴스 원병철 기자] 최근 러시아와 우크라이나, 그리고 팔레스타인과 이스라엘의 전쟁으로 무기와 방산기술에 대한 이슈가 커지고 있다. 특히, 우리나라 무기가 폴란드 등에 판매되면서 세계 무기 수출국 순위 9위라는 것이 알려지며 더욱 관심이 높아지고 있다. 문제는 우리 무기 및 기술력이 세계에서 손꼽히는 수준인 만큼 이를 노리는 각종 사이버 공격이 꾸준하게 발생하고 있다는 사실이다.', '이 때문에 방산기술(국가 방위에 사용되는 군수품 관련 기술) 보호에 대한 연구는 정부는 물론 학계와 산업계 모든 분야에서 진행되고 있다. 특히, 학계에서는 한국정보보호학회의 방산기술보호연구회가 대표주자로 나서고 있다.', '방산기술보호연구회는 방산업체의 기밀 및 국방과학기술의 보호를 위한 제도, 기술을 연구하는 연구회다. 2015년 방위산업기술보호법이 제정되어 우리나라 국방과학기술 중 국가안보를 위해 보호해야 할 기술을 방위산업기술로 지정하고 보호하게 됐는데, 방위산업기술의 식별, 보호 등에 대해 정부나 학계에 전문가도 많이 없었고, 관련 제도도 없었기에 2017년 관심 있는 유관기관 및 학계 전문가들이 모인 것이 바로 방산기술보호연구회다.', '연구회를 이끄는 류연승 위원장(명지대학교 대학원 보안·안보학과 주임교수)은 원래 컴퓨터공학과 사이버보안을 연구하다가 2013년에 처음 방산보안과 연이 닿았다. 당시 방산보안은 국방보안의 일부로, 방위산업체에서 군사기밀과 방산 기밀을 보호하기 위해 국방부와 기무사에서 통제하는 업무였고, 군의 폐쇄성으로 인해 일반에게는 공개되어 있지 않은 분야였다. 류연승 위원장은 방산보안 관련 제도 및 법령을 알게 되면서 이 분야가 발전이 필요한 분야임을 깨닫고 당시 방산업체 보안담당관의 모임인 방산보안협의회와 교류하면서 방산보안을 연구하기 시작했다.', '“2015년에는 명지대 대학원에 석박사과정으로 보안경영공학과를 설립하고 방산보안을 특화했습니다. 마침 2015년에 방위산업기술보호법이 제정됐고 방산보안에서 기술보호의 중요성이 커지면서 방산기술 보호에 대한 관심을 갖게 되었습니다. 또한, 방위사업청의 방산기술보호체계 관련 연구용역들을 수행하면서 연구회 필요성을 느끼고 2017년 연구회를 설립했습니다.”', '우리나라 방산 분야 기술 수준과 보안 현황', '우리 방위산업의 역사는 50여 년밖에 안 되지만, 무기체계 수준은 세계적 수준으로 발전했다. 최근 수출도 크게 증가해 정부는 2027년 방산 수출 4대 강국의 비전을 수립했으며, 방산기술 수준은 세계 9위로 평가받고 있다.', '문제는 사이버 공격으로 전투기, 잠수함 관련 방산업체의 기술 유출 사고가 계속 발생하고 있다는 점이다. 또한, 국방관련 공공기관에서 기술자료를 유출 당하는 사건이 발생한 적도 있다. 이와 관련 류연승 위원장은 “우리나라 방산 보안은 정부기관의 법령에 의해 통제되고 있는데, 무기체계 보안, 공급망 보안 등 최근의 보안 이슈에 법령이 따라가지 못하고 있어 많은 개선이 필요한 것 같다”고 지적했다.', '아울러 류 위원장은 최근 방산기술보호연구회가 관련 워크숍을 개최하기도 했던 ‘안티탬퍼’ 기술에 대해 설명했다. “안티탬퍼(anti-tamper)는 무기체계에 구현된 첨단기술을 보호하기 위한 기술입니다. 무기체계를 수입한 나라에서 역공학 또는 역설계를 하여 기술을 탈취할 수 있기에 이를 방지하기 위한 기술이죠. 최근 무기체계 수출이 크게 증가하고 있지만, 아직 안티탬퍼의 제도가 정립되어 있지 않고 기술도 확보가 안 됐습니다. 이에 대한 연구가 시급하다고 판단해 우리 연구회도 최근 안티탬퍼 워크숍을 개최하고 그동안 연구해온 내용을 발표했습니다.”', '인공지능과 방산보안', '최근 뜨거운 인공지능도 방산 분야에서 활약하고 있다. 방산업체가 인공지능을 활용해 첨단 무기체계를 개발하고 있기 때문이다. 문제는 인공지능 기술은 학습할 데이터가 필요한데, 현행 법령은 국방과 방산 분야 데이터를 기밀 수준으로 보호하려고 해, 방산업체는 데이터 확보 및 활용이 어려운 실정이라는 점이다. 또한, 방산업체의 데이터와 업무를 클라우드로 전환하는 작업도 필요한데, 현행 법령에서는 방산업체의 클라우드 사용이 매우 어려운 상황이다.', '이러한 문제를 해결하려면 방산 분야의 데이터 분류체계를 재정립하고 데이터 중요도에 따른 보호 체계 구축을 위해 관련 법령을 개정해야 한다고 류연승 위원장은 강조했다. 아울러 “방산업체의 물리적 망분리 제도의 재검토가 필요하다”면서 “우리 연구회에서는 데이터 중심의 방산보안 체계에 관심을 두고 있으며, 12월에 개최되는 제9회 방산기술보호 및 보안 워크숍에서도 이 문제를 심도있게 다룰 예정”이라고 덧붙였다.', '마지막으로 “일반적으로 방위산업 분야에 익숙하지 않아서 방산기술보호 분야에 관심이 적고 대학에서의 연구도 활발하지 않은 것 같다”고 아쉬워한 류연승 위원장은 “우리 연구회에서는 방위산업과 방산보안의 전문가들이 모여 있으니 학계와 보안업계에서 많은 관심과 참여를 바란다”고 말했다.', '한편, 방산기술보호연구회는 12월에 ‘제9회 방산기술보호 및 보안 워크숍’을 개최한다. 이번 워크숍에서는 데이터 중심의 사이버보안, 클라우드 보안, 제로 트러스트 등을 다룰 예정이다. 아울러 내년에는 미국에서 2025년 시행 예정인 방산 사이버보안 인증 CMMC(Cybersecurity Maturity Model Certification)에 대한 국내 대응, 안티탬퍼 및 RMF(Risk Management Framework) 등 무기체계 보안, 방산 클라우드 보안 등을 연구하고 정책에 반영시키는 노력을 지속해 나갈 계획이다.', '[원병철 기자(', 'boanone@boannews.com', ')]']"
공격자들 사이에서 신선한 화제가 되고 있는 새 공격 기법 등장,http://boannews.com/media/view.asp?idx=123481&page=1&kind=1,문가용 기자,2023년 11월 07일 14:26,"['한 IT 전문가가 획기적인 공격 기법을 개발했다. 구글 클라우드와 캘린더를 공격에 활용하는 방법인데, 이게 현재 다크웹에서 화제가 되고 있다. 조만간 진짜가 되어 나타날 지도 모른다.', '[보안뉴스 문가용 기자] 공격자들이 정상적인 클라우드 도구들을 이용해 악성 행위를 감추는 사례가 늘어나고 있다고 구글이 경고했다. 그러면서 ‘구글캘린더랫(Google Calendar RAT)’이라는 새로운 개념 증명용 익스플로잇을 공개하기도 했다. 구글캘린더랫을 이용하는 레드 팀과 해커들은 구글 캘린더라는 앱을 조작하여 C&C 활동에 악용할 수 있게 된다고 한다.', '최근 구글이 발표한 위협지형도(Threat Horizons) 보고서에 의하면 구글캘린더랫은 이미 6월에 깃허브에 올라왔고, 그 후로 지금까지 15번의 신 버전들이 등장했다고 한다. 다만 아직까지 구글캘린더랫이 실제 해킹 공격에 활용된 사례는 찾기 힘들었다고 한다. “해커들의 포럼에서 공유되고 이야기되기는 했지만 실제 사례는 아직 찾지 못했습니다.”', '구글은 구글캘린더랫을 기반으로 자사 플랫폼을 강화해 공격이 더 이상 통하지 않도록 만들었다고 한다. 하지만 이미 수많은 버전이 존재할 가능성이 있기 때문에 안심할 수 없는 단계라고 구글의 위협 연구 수석인 맷 셸튼(Matt Shelton)은 강조했다.', '클라우드에 숨어서 공격하는 해커들', '구글캘린더랫이라는 개념 증명용 익스플로잇은 IT 전문가인 발레리오 알레산드로니(Valerio Alessandroni)라는 인물이 만들었다. 레드 팀들이 C&C 공격을 시뮬레이션 할 때 필요한 인프라의 규모를 혁신적으로 줄였는데, 이 때문에 공격자들이 적잖이 영감을 받은 것으로 보인다. “실제 공격은 아직 없었지만 공격자들 사이에서 많은 화제가 되고 있긴 합니다.” 구글 측의 설명이다.', '공격의 절차는 다음과 같다.', '1) 구글 서비스 계정을 하나 생성한다.', '2) 해당 계정의 credentials.json 파일을 획득한다.', '3) 그 파일을 악성 스크립트와 같은 디렉토리에 넣는다.', '4) 새로운 구글 캘린더를 만들고 아까 만든 서비스 계정과 공유한다.', '5) 악성 스크립트를 편집하여 캘린더 주소와 연결되도록 한다.', '6) 이벤트 설명 필드를 활용해 명령을 실행시킨다.', '이런 과정을 통해 구글캘린더랫을 피해자 시스템에 설치하면 이 구글캘린더랫이 주기적으로 이벤트 설명 필드를 확인해 명령이 새로 전달되었는지를 파악한다. 새 명령이 발견되면 실행하고, 그 결과물을 같은 필드에 입력한다. 캘린더의 이벤트 설명 필드에 정보 수집 명령을 넣었다면, 구글캘린더랫이 이를 실행시켜 정보를 수집한 후 같은 필드에 그 정보를 입력하는 것이다.', '구글캘린더랫의 강력함은 C&C 인프라를 크게 간소화했다는 점에도 있지만 “공격의 처음부터 끝까지 정상적인 클라우드 인프라 내에서 실행된다”는 점도 있다. “이 때문에 위협을 미리 찾아 예방하기도 어렵고, 파악하기도 어려우며, 해결은 더 어렵습니다.”', '셸튼은 “클라우드에 악성 행위와 공격의 흔적들을 감추는 건, 클라우드가 워낙 노이즈 많은 환경이기 때문”이라고 말한다. “클라우드는 태생적으로 노이즈가 많을 수밖에 없습니다. 그렇기 때문에 클라우드를 운영하는 조직이라면 반드시 비정상적인 패턴을 탐지하는 방법을 갖춰야 합니다. 기존 온프레미스 환경의 보안 이론은 클라우드에서 한계를 보일 수밖에 없습니다.”', '구글은 “우리가 만들지도 않은 개념 증명용 익스플로잇인 구글캘린더랫에 대하여 따로 보고서까지 만들어 발표한 건 그 만큼 구글캘린더랫이 제시한 개념이 새롭고 획기적이기 때문”이라고 설명했다. “어쩌면 너무 새로워서 공격자들이 서로 이야기만 하고 실제 공격은 시작하지 못한 것일 수 있습니다. 그렇기 때문에 내년에는 이런 개념에서 출발한 새로운 클라우드 기반 공격이 목격되리라 봅니다.”', '3줄 요약', '1. 한 IT 전문가가 레드 팀 훈련을 돕기 위한 개념 증명용 익스플로잇을 개발.', '2. 구글 캘린더를 이용하여 공격을 지속시키면서 공격 생애주기를 클라우드에서 유지하는 것이 가능.', '3. 너무나 획기적인 공격 개념이라 다크웹에서도 활발히 논의되는 중.', '[국제부 문가용 기자(', 'globoan@boannews.com', ')]']"
"[인터뷰] 넷앤드 이두형 전무 “기술력은 이미 갖췄으니, 이젠 글로벌 기업 성장 시동”  ",http://boannews.com/media/view.asp?idx=123335&page=1&kind=3,김경애 기자,2023년 11월 07일 13:40,"['넷앤드 해외사업부 이두형 전무,  동남아의 경우 잦은 보안사고로 계정관리 관심 높아', '동남아, 정보보안법 발의...국제표준의 중요성으로 올해 초 정보보안인증 27001 획득', '10개국 진출해 영업 네트워크 구축, 상생과 레버리지로 글로벌 기업으로 성장할 것', '[보안뉴스 김경애 기자] “기자님은 신제품 출시 기자간담회에서 먹는 스테이크가 맛있습니까?” 순간 뜨끔했다. 사실 스테이크가 맛있었던 기억도 스테이크가 어떻게 나왔는지도 기억조차 안 났다. 아니 아예 생각조차 하지 않았다는 게 좀더 솔직하겠다. 대다수의 기자들이야 사실 정신없이 기사 써내려가기 바쁘지 않은가.', '그런 기자를 뜨끔하게 한 질문을 던진 이는 다름 아닌 넷앤드 해외사업부 이두형 전무다. 그는 델, HP, 레노버, 시만텍 등 내로라하는 글로벌 기업에서 근무한 베테랑이다. 20여년간 글로벌 기업에서 갈고 닦은 노하우로 지난해 넷앤드에 영입됐다. 그는 해외사업부를 진두지휘하며 넷앤드의 성장을 이끌고 있다.', '그는 왜 잘 나가는 글로벌 기업에 있다가 넷앤드에 들어왔을까? 지금부터 그와의 인터뷰를 통해 넷앤드의 해외사업부를 어떻게 이끌어갈지 들어보자.', 'Q. 보라색이 눈에 많이 띄네요?', '최근 넷앤드는 그동안 사용해온 퍼플(보라색)을 ID 컬러로 밀며 글로벌 기업으로 성장하기 위해 노력하고 있어요. 보세요. 솔선수범 하기 위해 제 핸드폰 케이스도 보라색이에요.', 'Q. 넷앤드의 ID 컬러를 왜 퍼플로 정했나요? BTS의 아미도 보라색인데...', '하하하! 맞아요. 그래서 그렇게 문의하는 사람들도 있어요(웃음). 보라색은 그동안 넷앤드가 사용해온 컬러에요. 카카오하면 노란색이 떠오르고, 삼성하면 파란색이 떠오르듯 넷앤드 하면 퍼플이 생각나도록 그동안 사용한 보라색에 금색을 무늬로 넣어 ID 컬러로 마케팅하고 있습니다. 컬러 마케팅은 고객에게 좀더 친근하게 다가갈 수 있고, 쉽게 인식할 수 있어요.', 'Q. 컬러 마케팅 만큼 해외에서 진행하는 또 다른 마케팅 전략은 무엇인가요?', '각인입니다. 작은 걸 주더라도 소중하게 생각하는 마음의 전달입니다. 이를테면 해외 현지 파트너사의 우수 사원에게 텀블러를 전달했는데요. 거기에 풀네임을 새겨 보내줬어요. 무척 좋아하더라고요. 텀블러만 생각하면 별것 아니겠지만 이름을 새긴 텀블러는 세상의 단 하나밖에 없는 텀블러가 돼요. 당신을 소중하게 생각하고 있다는 마음도 전달되고, 그 메시지는 동기부여가 되며 넷앤드를 기억하게 됩니다. 그리고 텀블러는 시간이 지나도 쉽게 버려지지 않고, 오래 간직하게 되죠.', 'Q. 본격적으로 얘기해보죠. 넷앤드의 해외 주요 핵심사업은 무엇인가요?', '계정권한 관리(IAM) 솔루션입니다. 기관, 기업별로 천차만별인 내부 업무 프로세스와 보안 정책을 모두 수용해 자동화된 워크플로를 제공해요. 취합한 계정은 기업과 기관의 인사 시스템과 연동해 보안 정책에 따라 사용자 권한 관리, 보안 정책 관리, 계정 라이프사이클, 비밀번호 등을 자동 관리하는 기능을 제공합니다.', 'Q. 보안 솔루션의 해외 수출을 위해선 국제표준에 부합해야 하거나 전략상 국제표준 활동을 해야 할 것 같은데, 어떤가요? 특히, 동남아는 정보보안에 대한 인식과 기술이 뒤쳐져 있지 않나요?', '한국보다 기술은 뒤쳐져 있을지 몰라도 최신 기술을 도입하는데 있어서는 굉장히 빠릅니다. 보안사고 80%는 유저에 의한 사고로 접속해서 내부 시스템에 들어가는 순간 유저에 의해 정보가 탈취되죠. 그만큼 계정관리가 중요하다는 걸 그들도 인지하고, 계정관리에 대한 관심이 높습니다.', '또, 최신 기술을 사용하기 때문에 국제표준도 중요하게 생각합니다. 넷앤드도 이러한 요구에 발맞춰 올해 초 국제정보보호인증인 ISO 20071 인증을 획득했어요. 더군다나 태국, 베트남, 인도네시아 등에선 정보보안법이 발의되고 있어 정보보안에 대한 관심은 높아지고 있는 추세입니다.', 'Q. 넷앤드는 해외 컨퍼런스 및 전시회를 통해 어떤 활동을 펼치나요?', '전 세계적으로 잘 알려진 해외 컨퍼런스와 전시회를 중심으로 참가하고 있는데요. 주로 넷앤드를 해당 국가에 알리기 위한 대외 활동에 집중하고 있어요. 해외 전시회나 컨퍼런스를 통해 태국, 인도네시아, 베트남, 캄보디아 등의 파트너와 연결되기도 하고, 고객사가 직접 찾아오기도 하거든요. 파트너와의 교류와 넷앤드의 위상을 알리는데 집중했습니다.', 'Q. 해외 세미나를 통해 주로 어떤 내용을 교육하거나 전달하나요?', '해외 세미나는 파트너와 고객을 대상으로 키노트 스피치를 하고, 포커스 그룹에 맞춰 제로트러스트부터 랜섬웨어까지 보안 트렌드, 보안사고, 다양한 사례 등에 대해 발표했어요. 그리고 어떻게 대응하고 예방해야 하는지, 넷앤드가 어떤 도움을 줄 수 있고, 어떤 역할을 하는지에 대해서 교육합니다. 보안사고 발생은 대부분 유저의 활동에서 비롯되고, 미흡한 계정관리로 인해 발생하기 때문입니다.', 'Q. 해외 시장 확대를 위한 인력양성 또는 전문인력 확보는 어떻게 하고 계신가요?', '넷앤드의 장점은 커스터마이징입니다. 그리고 그 뒷받침엔 우수한 인력 확보죠. 하지만 우수한 인력을 확보하기 위해서는 업무환경이 뒷받침돼야 합니다. 자율성이 보장돼야 해요. 그런 측면에서 넷앤드는 자율성을 보장하고, 근무환경이 딱딱하지 않아요. 참고로 사장님도 후드티를 입고 출근하십니다. (이두형 전무의 평소 옷차림을 연상케 하는, 책상 한쪽에 놓인 십자 모양의 귀걸이와 안경을 가리키며) 저도 오늘 인터뷰 때문에 정장을 처음 입었어요.', '회의를 할때도 많은 직원들이 함께 참여하는 문화에요. 베트남에서 파트너사 우수사원에게 줄 아이템 발굴로 보라색 오토바이 헬멧을 주자는 것도 현지 직원이 낸 의견이에요. 다양한 의견을 수렴해 반영하고, 그렇게 반영된 의견은 결국 반응이 좋을 수밖에 없죠.', '넷앤드만의 복지라 하면 안마 전문가를 고용해 휴게소에서 안마를 받을 수 있는 것도 꼽을 수 있겠네요. 제가 20년 넘게 글로벌 기업에 있었지만 그런 측면에서는 넷앤드가 더 글로벌스럽지 않나 생각합니다. 이러한 업무 환경은 내부만큼이라도 임직원들에게 편하게 해주자는 대표님의 마인드가 더해진 덕분이라고 생각합니다.', 'Q. 해외 인력 양성이나 파트너사 선정은 어떻게 진행되고 있나요?', '해외 파트너사는 회사 규모보다는 능력 위주로 파트너사를 선정하는데요. 꾸준히 기술 업데이트 교육과 함께 파트너사 엔지니어와 고객사 엔지니어를 대상으로 연 2회 제품 교육을 진행하고 있어요. 이들을 잘 양성해야 고객 환경에서도 우리 솔루션을 잘 구현할 수 있기 때문입니다.', '연말에는 우수한 엔지니어 검증 및 우수 인력 확보를 위해 넷앤드 아카데미에서 1년간 배운 기술과 지식을 테스트를 바탕으로 넷앤드 인증 엔지니어를 선발 및 양성하고 있습니다.', '또한, 한국정보보호산업협회(KISIA)와 함께 인도네시아에서 선정된 우수학생 10명을 넷앤드에 초대해 교육하는 프로그램 등에도 참여할 계획입니다. 또, 해당 학생이 원한다면 인도네시아 파트너사로 취업을 연결시켜 주거나 알선할 수도 있습니다. 이러한 사업을 병행해 인력 양성에 꾸준히 심혈을 기울이고 있습니다.', 'Q. 해외 시장 확대 및 수출 성과는 어떤가요?', '태국, 싱가포르, 인도네시아, 필리핀, 캄보리아, 라오스, 베트남, 인도, 방글라데시, 말레이시아 10개국에 영업 네트워크를 구축하고, 체코, 미국 등에서도 솔루션을 판매하는 등 해외 사업을 확대하고 있어요. 특히, 싱가포르의 경우 대표 사무소를 설립했는데요. 싱가포르는 글로벌 기업이 많아 넷앤드가 좀더 글로벌 기업으로 성장하고자 릴레이션쉽(Relationship)을 높이는데 좋은 지역으로 보고 있습니다. 그 결과 매출은 작년 대비 올해 300% 성장했습니다.', 'Q. 글로벌 시장 확대를 위한 넷앤드만의 전략은 무엇인가요?', '상생과 레버리지입니다. 넷앤드를 직접적으로 알리기 위해 파트너사의 인재를 양성해 많이 전파하려고 해요. 이는 파트너사가 현지 사정을 잘 알고 있기 때문이죠. 잘 될 경우 세일즈 브랜치 설립도 계획하고 있습니다. 상반기에는 주로 컨퍼런스 위주로 대외 활동을 했다면 하반기에는 현지 파트너와 협업하여 주요 고객 30~40명을 대상으로 하는 세미나 중심의 활동을 하고 있습니다.', 'Q. 해외 시장 개척 및 확대를 위한 넷앤드의 최근 고민과 애로사항은 무엇인가요?', '이제는 한 가지 기술로만 할 수는 없습니다. 그런 측면에서 넷앤드도 해외시장 확대를 위해 향후 포괄적으로 협업할 수 있는 벤더를 발굴하고, 많은 얼라이언스가 이뤄지도록 노력할 계획입니다.', '다만, 아직은 넷앤드가 중소기업이다 보니 해외 진출에 대한 국내 송금 문제라든가, 법인통장 개설 등 중소기업의 고충인 신용 등의 증명이 쉽지 않습니다. 또한, 나라마다 각기 다른 법률을 이해하는데 어려움이 있습니다. 정책·제도적으로 법률 지원을 받을 수 있다면 많은 도움이 될 것입니다.', '싱가포르는 일찌감치 타 아시아 국가 경영법을 교육하거나 글로벌 기업으로 성장시키기 위해 많은 지원을 하고 있습니다. 우리나라도 중소기업이 해외 진출을 더 많이 할 수 있도록 해외 진출 방법 및 노하우 등 다양한 교육과 글로벌 표준에 맞춘 컨설팅 등이 지원되었으면 좋겠습니다.', '대통령 해외순방 때 대기업이 함께 가듯 중소기업에게도 해외 진출을 위한 다양한 기회가 부여되길 바랍니다. 또한, 거래실적 등이 우수한 중소기업에게는 해외 진출 프로세스를 간소화시키고, 해외에서 원활히 검증될 수 있도록 인증 부여 등 정책·제도적으로 지원되었으면 좋겠습니다.', 'Q. 넷앤드 해외사업부의 향후 계획 및 목표는 무엇인가요?', '파트너 수도 매출도 최소 30~40% 성장하는 것입니다. 넷앤드의 기술력은 글로벌 기업 제품과 큰 차이가 없습니다. 기술력은 갖췄기에 글로벌 브랜드로 성장하기 위해 최선을 다하겠습니다.', '[이두형 전무 프로필]', '- 2022.8~       Executive Managing Director(전무) - NETAND, Head of Global Business', '- 2020.3~2022.7 BU General Manager, Senior Director(전무) – DELL Technologies, Client Solution Group', '- 2016.10~2020.2 Sales Director(상무) – Lenovo, Commercial business', '- 2015.7~2016.11 Senior Manager(상무) – Symantec, Marketing & Channel', '- 2000.12~2015.7 Senior Manager(이사) – HP, PPS Enterprise sales', '[김경애 기자(', 'boan3@boannews.com', ')]']"
"한독상공회의소, 민간보안·사이버보안 컨퍼런스 개최",http://boannews.com/media/view.asp?idx=123467&page=1&kind=3,엄호식 기자,2023년 11월 07일 13:23,"['독일 민간보안·사이버보안 7개 기업 참여해 제품 및 기업 소개', '[보안뉴스 엄호식 기자] 독일 기업의 해외시장 진출과 관련해 전문적인 서비스 제공 및 협회 역할을 담당하고 있는 한독상공회의소(AHK Korea)가 7일 노보텔 앰배서더 서울 동대문 그랜드볼룸에서 ‘한-독 민간보안·사이버보안 컨퍼런스’를 개최했다.', '이날 행사는 한독상공회의소와 독일 foreign markets가 독일 연방경제기후보호부의 지원을 받아 진행됐다. 특히, 민간보안·사이버보안 분야 7개 독일 전문기업이 한국기업과의 협력 및 한국 시장 진출을 위해 방한했다.', '행사는 서병일 한국첨단안전산업협회 회장의 인사말로 시작됐다. 서병일 회장은 협회와 관련해 첨단 안전산업의 건전한 발전과 국가의 사회안전 시스템 구축에 기여하는 대한민국을 대표하는 안전산업 단체라는 소개로 인사말을 시작했다.', '이어 “한국과 독일은 역사와 문화적 배경은 다르지만, 국가건설 이후 지속적인 경제 발전을 추구하면서 세계적인 경제대국으로 성장했다는 공통점이 있으며, 기존 산업의 구조를 벗어나 시대에 맞게 혁신적인 발전을 추구하고 있다”고 전했다.', '또, “양국은 개방형 혁신을 추구하며 발전해 나가고 있는데, 오늘 이 시간이 첨단 보안 기술의 정보 교류를 통해 양국의 첨단 보안 기술력을 향상시키고 발전할 수 있는 뜻깊은 자리라고 생각한다. 올해가 한독수교 140주년이라고 하는데, 오늘과 같은 끈끈한 교류와 협력이 이어진다면 양국의 물리보안과 사이버보안 업계가 더욱 발전할 것이라고 생각한다”고 덧붙였다.', '우호제 한독상공회의소 수석 부사장은 “독일 보안 산업 기술력은 세계 최고 수준이며 인공지능과 빅데이터 등 최신 기술을 보안 분야에 적용해 경쟁력을 강화하고 있고 여타 다른 산업 분야와 마찬가지로 엄격한 품질기준과 인증을 적용해 신뢰할 수 있는 안전한 제품과 서비스를 제공하고 있다”고 전했다.', '이어 “한국의 보안 산업도 첨단기술과 우수한 인프라를 바탕으로 빠르게 성장하고 있는데, 오늘 이 컨퍼런스가 양국 보안사업의 협력과 교류 활성화에 큰 도움이 될 수 있을 것이라고 생각한다“고 말했다.', '에바 헤르텔 독일연방경제기호보호부 민간 보안 산업 이니셔티브 담당자는 ”독일의 보안 산업은 연간 170억유로를 창출하고 있고, 28만명이 종사하고 있으며, IT 보안기술의 성장이 두드러지고 있다. 또한, 독일은 주요기업을 지원하고 해외 진출을 돕기 위해 2010년부터 해외진출 프로그램을 발족해 진행하고 있다. 이에 오늘 이 자리에 7개의 보안기업이 참가했다. 독일의 기업과 제품을 만나고 정보를 얻고 교류하는 귀한 시간이 되었으면 한다“고 전했다.', '또한, 박광영 숭실대학교 소프트웨어학부 교수(한국첨단안전산업협회 안전산업전문가위원회 분과위원장)는 ’한국의 보안산업 동향 및 기술‘이라는 주제로 국내 보안 시장 동향 및 기술을 살펴보는 한편, △한화비전 △이노뎁 △베스트디지탈 △아이닉스 △토페스 등 다양한 보안 제품 및 솔루션과 관련한 국내 기업을 소개했다.', '행사에서는 △AIRSENSE Analytics GmbH(위험 물질 감지) △Beta System Software AG(B2B IT 솔루션) △Nichael Thomas GmbH perimeter Engineering & Solution(울타리 경계 시스템) △NEOX NETWORKS GmbH(네트워크 포렌식) △Steinbach & Vollmann GmbH(전자식 자물쇠, 도어락 등 산업용 잠금장치) △TASSTA GmbH(네트워크 보안 소프트웨어) △VM Ray GmbH(악성코드 등 사이버공격 탐지) 등 7개 독일 보안기업과 제품을 소개하는 시간도 마련됐다.', '또, 행사장 한편에는 Steinbach & Vollmann GmbH의 주요 제품이 전시돼 직접 확인할 수 있었다.', '[엄호식 기자(', 'eomhs@boannews.com', ')]']"
[오늘의 보안 영어] on the sly,http://boannews.com/media/view.asp?idx=123473&page=1&kind=1,문가용 기자,2023년 11월 07일 12:39,"['“The notion that employees are juggling a second job', 'on the sly', 'speaks to bosses’ fears about managing out-of-sight workers, writes Bloomberg Opinion columnist Sarah Green Carmichael.”', '-Bloomberg-', '- 오늘의 표현 중 sly는 ‘교활하다’, ‘음흉하다’라는 뜻을 가지고 있는 단어입니다. cunning과 비슷한 말이며 honest와 반대되는 말입니다.', '- on the sly는 그런 sly의 뜻에서부터 발전하여 ‘비밀스럽게’, ‘음흉하게’, ‘남들에게 알리지 않고’라는 뜻이 됩니다. ‘남들에게 알리지 않는다’는 건 나쁜 뉘앙스를 담고 있습니다. 나쁘지 않더라도 최소한 ‘부정적인’ 느낌을 줍니다.', '- 위의 예문에서 on the sly는 ‘회사 사장들이 재택 근무를 하느라 눈에 보이지 않는 직원들이 자기(사장) 모르게 또 다른 일을 고려할까봐 불안해 하고 있다’는 의미로 쓰였습니다. 누군가를 불안하게 하는 것이니 ‘아무도 모르게’라는 의미를 말하기 위해 평범한 secretly가 아니라 부정적인 on the sly를 사용한 것입니다.', '- ‘뉘앙스’라고 하긴 했는데 실제로 사전을 찾아봐도 on the sly는 ‘뭔가 나쁜 짓 혹은 잘못된 짓을 하기 위해 몰래 숨기는 것’이라고 나옵니다. 오른손이 하는 선행을 왼손이 모르게 한다는 의미에서 ‘숨긴다’는 게 전혀 아니죠. 나쁜 짓을 들킬까봐 숨기는 게 on the sly입니다.', '- 우리나라말로 누군가에게 음흉하다고 하면 보통 좋은 뜻이 아닙니다. 친구들끼리 농담삼아 할 법한 말이기도 하지만 그것도 한두 번입니다. 일반적으로 남들로부터 듣기 좋은 말은 아닙니다.', '- 영어에서도 마찬가지입니다. sly는 꽤나 좋지 않은 느낌의 ‘음흉하다’입니다. 그러므로 농담을 한다 하더라도 sly라는 말은 되도록 피하는 게 좋습니다. 음흉하도록 영리하다라고 돌려서 칭찬하고 싶다면 clever라거나, 음흉하도록 약삭빠르다라고 말하고 싶다면 cunning이라는 단어가 있습니다. 물론 cunning도 되게 긍정적인 단어는 아닙니다.', '- 우리나라에서는 뭔가 재빠르고 영특하지만 뭔가 얄미울 때 ‘여유’에 빗대어 표현할 때가 많습니다. 영어에서도 sly가 여우와 자주 연결되는 형용사입니다. 위에서 말한 cunning도 여우와 자주 엮이는 표현인데, 우리나라 말의 ‘여우’와 비슷한 건 cunning입니다.', '- 예문을 보겠습니다.', '* She must have been having lessons on the sly.', '(그 여자는 남몰래 수업을 받아온 것이 분명해.)', '* We should continue to meet on the sly.', '(우리 계속 몰래 만나지요.)', '* They got married on the sly.', '(그 둘은 아무에게도 알리지 않고 결혼했다.)', '※ 이 코너는 보안뉴스에서 발간하는 프리미엄 리포트의 [데일리 보안뉴스+] 콘텐츠를 통해 2주 빨리 만나실 수 있습니다.', '[국제부 문가용 기자(', 'globoan@boannews.com', ')]']"
모니터링 플랫폼 빔원에서 4개 초고위험도 취약점 발견돼,http://boannews.com/media/view.asp?idx=123472&page=1&kind=1,문가용 기자,2023년 11월 07일 12:39,"['초고위험도 취약점 발견된 빔원 플랫폼, 빠른 패치 촉구', '요약', ': 보안 외신 블리핑컴퓨터에 의하면 빔원(Veeam One)이라는 모니터링 플랫폼에서 초고위험도 취약점들이 나왔다고 한다. 발견된 취약점은 총 4개이며, 빔 측은 오늘 모든 패치를 개발해 배포하기 시작했다. 4개 전부 9.8점~9.9점에 속하는, 대단히 위험한 취약점이라고 빔은 경고했다. 공격자들이 이 취약점들을 익스플로잇 하는 데 성공할 경우 원격 코드 실행 공격이 가능하게 되며, NTLM 해시들마저 훔칠 수 있게 된다.', '배경', ': 취약점들은 CVE-2023-38547, CVE-2023-38548, CVE-2023-38549, CVE-2023-41723이다. 빔원 12 P20230314 (12.0.1.2591), 11a (11.0.1.1880), 11 (11.0.0.1379) 버전이 픽스가 적용된 것으로, 사용자들 편에서 업데이트를 시급히 해야 안전해질 수 있다. 빔원은 전 세계 사용자 기업이 45만 개가 넘는다.', '말말말', ': “인증을 통과하지 않은 공격자가 빔원 웹 클라이언트(Veeam One Web Client)에 접근할 수 있게 되며, 이를 통해 NTLM 해시를 훔칠 수 있게 됩니다.” -빔-', '[국제부 문가용 기자(', 'globoan@boannews.com', ')]']"
MS 스토어의 가짜 장부 앱 통해 사라진 80만 달러,http://boannews.com/media/view.asp?idx=123471&page=1&kind=1,문가용 기자,2023년 11월 07일 12:38,"['공식 애플리케이션 스토어가 하나 둘 뚫리기 시작하나...MS에서마저 피해 발견돼', '요약', ': 보안 외신 핵리드에 의하면 MS스토어 생태계에서 가짜 장부 앱을 통해 80만 달러어치의 암호화폐를 도난당하는 사건이 발생했다고 한다. 최근 마이크로소프트 스토어에는 레저라이브웹3(Ledger Live Web 3)라는 장부 앱이 등장했다. 레저라이브(Ledger Live)라는 공식 서비스의 이름을 도용한 것으로, 여러 사용자들이 이 이름에 속아 앱을 설치했다. 그리고 의심없이 여기에 자신의 암호화폐 지갑 관련 정보를 입력하여 설정을 마쳤다. 공격자들은 이 정보를 받아 피해자의 지갑을 털었고, 현재까지 약 80만 달러의 수익을 거둔 것으로 보인다.', '배경', ': 요 몇 년 동안 구글의 앱 마켓플레이스인 플레이 스토어가 해커들의 집중 공략을 받아왔다. 안드로이드라는 생태계가 많은 사용자를 보유하고 있기 때문이기도 하지만 플레이 스토어에 멀웨어를 등록시키는 방법을 깨달았기 때문이다. 그러면서 구글의 앱 검사 방식에 문제가 있다는 지적도 같이 나왔다. 애플의 앱스토어 역시 최근 멀웨어들이 보다 빈번하게 나타나고 있으며, 여기에 더해 MS 스토어까지 합류하는 분위기다.', '말말말', ': “암호화폐 투자자들과 지갑 사용자들이라면 지갑과 거래 관련 정보를 입력할 때 반드시 두세 번씩 확인해야 합니다. 암호화폐는 공격자들이 항상 욕심내는 자산이라는 걸 잊지 말아야 합니다.” -ZachXBT-', '[국제부 문가용 기자(', 'globoan@boannews.com', ')]']"
"아틀라시안 컨플루언스에서 발견된 최근 취약점, 랜섬웨어 공격의 통로가 돼",http://boannews.com/media/view.asp?idx=123470&page=1&kind=1,문가용 기자,2023년 11월 07일 12:36,"['랜섬웨어 공격자들이 관심 보이기 시작한 컨플루언스 취약점, 랜섬웨어도 연루', '요약', ': 보안 블로그 시큐리티어페어즈에 의하면 초고위험도로 분류된 컨플루언스(Confluence) 취약점을 랜섬웨어 공격자들이 악용하고 있다고 한다. 주말 동안 여러 보안 전문가와 전문 기업들에서 이러한 사실을 소셜미디어를 통해 알렸다. 다만 아직까지 어느 랜섬웨어 단체가 컨플루언스 제품 취약점을 익스플로잇 하고 있는 것인지는 명확히 밝혀지지 않고 있으며 피해 현황도 집계되지 않고 있다. 일부 보안 전문가들 사이에서 케르베르(Cerber)라는 랜섬웨어 이름이 언급되고 있기는 하지만 아직 정식으로 관계성이 증명된 것은 아니다.', '배경', ': 문제의 취약점은 CVE-2023-22518이며, CVSS 기준 9.1점을 받았다. 인증을 제대로 하지 않기 때문에 발생하는 취약점이며, 결국 중대한 데이터 손실을 야기할 수 있다고 전문가들은 경고한다. 아틀라시안 컨플루언스 데이터센터(Atlassian Confluence Data Center)와 컨플루언스 서버(Confluence Server) 7.19.16 이상, 8.3.4 이상, 8.4.4 이상, 8.5.3 이상, 8.6.1 이상 버전이어야 안전하다.', '말말말', ': “활발한 익스플로잇이 실제 진행되고 있다는 제보가 있습니다. 그렇기 때문에 다른 사용자들도 반드시 패치를 적용해야 안전할 것입니다.” -아틀라시안-', '[국제부 문가용 기자(', 'globoan@boannews.com', ')]']"
"씨유박스, 최신 서버 H100 16 노드 도입... 국내 영상인식 AI 기업 중 손꼽혀",http://boannews.com/media/view.asp?idx=123495&page=1&kind=3,이소미 기자,2023년 11월 07일 18:19,"['세계적인 영상인식 기업 위한 공격적인 인프라 투자 및 지속적인 기술 우위 선점 이어갈 것', '[보안뉴스 이소미 기자] AI 영상인식 전문기업 씨유박스는 지난달 AI 알고리즘 연구와 생성형 AI 서비스 개발 등에 사용하기 위해 대규모로 엔디비아 H100 GPU 서버를 도입하고 지난 3일 본격 가동했다고 밝혔다. 이번에 씨유박스가 가동을 개시한 H100 GPU 서버는 총 16노드다.', '엔비디아의 최신 GPU H100은 이전 세대 GPU 대비 최대 9배 빠른 인공지능 학습이 가능하다. 또한, 추론 성능은 30배, HPC(고성능컴퓨팅, High Performance Computing) 어플리케이션 성능은 최대 7배까지 향상할 수 있어 대형언어모델(LLM, Large Language Model)이나 초거대 이미지 생성 모델 학습에 필수적이다.', '씨유박스는 AI 영상인식 기술을 더욱 효과적으로 활용하기 위해 기존의 A100 서버 10 노드를 포함해 총 26 노드의 GPU 서버를 보유하게 되면서 국내 전문 영상인식 AI 기업 중 손꼽히는 규모의 GPU 자원을 갖추게 됐다. 업계 관계자는 GPU 서버 1대당 총 8개의 GPU가 탑재되는 고가의 장비지만, 현재 GPU 서버에 대한 AI 기업들의 폭발적인 수요 증가로 발주 후 입고까지 최소 1년 이상 소요된다고 했으며, 충분한 자금을 확보하고 있더라도 즉시 입고가 불가능하다고 밝혔다.', '씨유박스는 2021년 NIST FRVT(미국 국립표준기술연구소 얼굴인식 알고리즘 테스트)를 통해 세계 최고 수준의 CNN 기반 영상인식 기술 보유 기업임을 증명했다. 회사는 이에 안주하지 않고 ViT(Vision Transformer) 모델 기반의 영상인식 알고리즘 개발에 역량을 집중했다. ViT모델은 알고리즘의 고성능을 담보하나 데이터셋이 무거워, 응용 및 개발에 고성능 컴퓨팅 파워가 필수적이다. 씨유박스는 기존에 보유한 GPU 서버를 통해 ViT모델 기반의 알고리즘을 개발해 왔는데, 이에 대한 역량 강화를 위해 대규모 최신 GPU 서버 도입을 했다고 밝혔다.', '씨유박스 관계자는 먼저, 진행 중인 인천공항 스마트패스 알고리즘 공급 사업 등 글로벌 시장에서 경쟁우위를 선점해야 하는 AI 기술 개발에 최신 GPU서버를 적극 활용할 것이며, 차세대 기술사업인 △오더피킹 로봇 △진단 의료 AI △3D X-Ray 개발에도 본 GPU 서버를 적극 활용할 것이라고 밝혔다. 또한, 씨유박스는 대규모 GPU서버 도입을 통해 전문업체의 역량을 증명할 수 있는 고성능 생성형 AI 서비스도 구축하고 있으며, 근시일 내 시장에 선보일 것이라고 밝혔다.', '씨유박스 관계자는 “세계적으로 우수한 영상인식 회사로 나아가기 위해 공격적인 인프라 투자를 계속할 것이며, 이를 통해 우리는 지속적으로 기술 우위를 가져가는 회사가 될 것”이라고 했으며, “더 나아가서 실제 기술을 인천공항 스마트패스, 페이스온 등 씨유박스 제품에 적용해 씨유박스가 가진 우수한 기술력을 일반 대중들도 체감할 수 있도록 할 것”이라고 밝혔다.', '[이소미 기자(', 'boan4@boannews.com', ')]']"
‘더 좋은 나라 만들기’ 위해 보안인들 달린다... 사이버영토수호마라톤대회 개최,http://boannews.com/media/view.asp?idx=123487&page=1&kind=3,김영명 기자,2023년 11월 07일 17:45,"['12일, 2023 ‘다시 뛰는 대한민국, 더 좋은 나라 만들기’ 모토로 올림픽공원에서 열어', '초·중학생 단체 참가해 사이버보안 및 인공지능 등 국내외 권위자와 함께 달리는 시간 마련', '[보안뉴스 김영명 기자] ‘제15회 2023 다시 뛰는 대한민국 더 좋은 나라 만들기 사이버 영토수호 마라톤 대회(대회장 유준상)’가 11월 12일 오전 8시 30분 서울 올림픽공원 평화의 광장에서 열린다.', '올해로 15회째를 맞는 사이버영토수호마라톤대회는 ‘나라사랑’과 ‘국민건강’을 모토로 하는 애국 캠페인이다. 이번 마라톤대회는 제4차 산업혁명시대를 맞아 사이버보안의 중요성을 알리기 위해 개최되며, 한국정보기술연구원 주최, 코리아사이버보안연합·더좋은나라전략포럼·21세기경제사회연구원·전국마라톤협회·대한울트라마라톤연맹이 공동 주관한다.', '사이버영토수호마라톤대회는 세계 최고 권위의 해킹대회인 데프콘 CTF 우승팀을 포함한 참가팀들이 참가하며, 특히 올해 대회에는 싱가포르 사이버보안 교육생들도 참가할 예정이다.', '마라톤대회는 일반 달리기와 매니아 달리기로 구분해 진행된다. 일반 달리기에서는 △5.4km 가족걷기 △10km △하프 코스(Half Course) △풀코스(Full Course) 등으로, 매니아 달리기에서는 △10km △하프 코스(Half Course) △풀코스(Full Course) 중에서 선택해 달릴 수 있다.', '사이버영토수호마라톤대회는 초·중학생들이 단체로 참가해 대회의 의미를 더하고 있다. 사이버보안, 인공지능(AI) 등 국내외 최고의 권위자들과 함께 달리는 마라톤이라는 특별함에 학생들이 큰 호응을 얻고 있다.', '한편, 이번 행사를 주최하는 한국정보기술연구원은 “날로 증가하는 사이버 테러 및 위협의 위험에 따른 사이버보안의 중요성을 전 세계에 알리기 위해 ‘국제 사이버영토수호 마라톤 대회’도 계획하고 있다”고 밝혔다.', '[김영명 기자(', 'boan@boannews.com', ')]']"
정보보안의 꿈에 날개를 달다! ‘사이버 가디언즈 콘퍼런스’ 성료,http://boannews.com/media/view.asp?idx=123490&page=1&kind=3,원병철 기자,2023년 11월 07일 17:39,"['사이버 가디언즈 활동 지원사업 홍보하고, 정보보안 분야에 대한 저변 확대 위해 마련', '사이버 가디언즈 경진대회, 선린인터넷고등학교 ‘냥코대전쟁’ 팀이 최우수상 수상', '[보안뉴스 원병철 기자] 과학기술정보통신부(장관 이종호)와 한국정보기술연구원(원장 유준상)은 11월 7일(화)에 서울 서초구에 위치한 더리버사이드호텔 몽블랑홀에서 ‘2023 사이버 가디언즈 콘퍼런스’를 성황리에 개최했다고 밝혔다.', '디지털 전환 시대를 선도할 청소년 대상으로 개최한 ‘2023 사이버 가디언즈 콘퍼런스’는 2017년부터 시작해 올해로 7회차를 맞이했으며, 사이버 가디언즈 활동 지원사업을 홍보하고 정보보안 분야에 대한 저변 확대를 위해 마련됐다.', '첫 번째로 열린 취업 진로 소개 시간에는 차세대 보안리더 양성 프로그램(BoB) 5기 이태양 수료생이 ‘해커로 살아가기’를 주제로, 특성화고등학교 진학부터 취업 준비과정, 고졸 취업의 장‧단점 등을 생동감 있게 전하며 학생들의 많은 흥미를 유도했다.', '오후 시간에는 한국정보기술연구원 BoB센터 김우진 팀장이 ‘화이트햇 스쿨(WHS) 소개’를 주제로 올해부터 시작한 화이트햇 스쿨 교육의 전반적인 과정을 상세하게 설명했으며, 이어서 한국정보기술연구원 BoB센터 윤일중 팀장이 ‘차세대 보안리더 양성 프로그램(BoB) 소개’를 주제로 미래의 화이트해커를 꿈꾸는 많은 학생들이 관심을 갖고 있는 BoB의 특장점과 성과를 전했다.', '이어진 시간에는 오펜시브 시큐리티 기업인 티오리한국 김현태 연구원이 ‘사이버 보안 교육 플랫폼 소개’라는 주제로 발표하며 화이트해커를 꿈꾸는 학생들의 이목을 집중시켰으며, 이와 함께 드림핵(Dreamhack)의 우수성을 알렸다.', '진학 진로 소개 시간에는 차세대 보안리더 양성 프로그램(BoB) 2기 임정원 수료생이 ‘Whitehat Career Path’를 주제로 특성화고 진학부터 고등학교 졸업 후 대학교에 이어 대학원 진학까지의 과정을 친근하게 전달했다.', '마지막 시간에는 올해 사이버 가디언즈 정보보안 교육 운영 지원사업에 참여 중인 고등학교의 담당 선생님들이 학교별 특화 프로그램을 소개하는 공유의 시간을 가지며 행사의 의미를 더했다.', '콘퍼런스를 주관한 한국정보기술연구원의 유준상 원장은 “지난 10월 청년 화이트해커와의 대화 행사가 개최될 정도로 정보보안 분야의 위상이 매우 높아졌다”고 강조하며, “오늘 행사에 참여한 청소년 여러분들도 화이트해커로서의 꿈을 키워나가길 바란다”며 행사에 참여한 청소년들에게 격려의 말을 전했다.', '한편, 행사와 같이 열린 사이버 가디언즈 경진대회에서는 선린인터넷고등학교 ‘냥코대전쟁’ 팀이 최우수상을 차지했으며, 우수상에는 세명컴퓨터고등학교 ‘조김조’ 팀과 한세사이버보안고등학교 ‘수업 째고 왔습니다’ 팀 등 2개팀이 선정됐다. 아울러 덕영고등학교 ‘듬직’ 팀, 선린인터넷고등학교 ‘이모티콘’ 팀 등 2팀이 장려상을 수상했다.', '[원병철 기자(', 'boanone@boannews.com', ')]']"
"한국융합보안학회, ‘미래 국방사이버’ 주제로 추계학술대회 및 워크숍 개최",http://boannews.com/media/view.asp?idx=123482&page=1&kind=2,김영명 기자,2023년 11월 07일 15:01,"['11월 3일, 나인트리 프리미어 호텔 용산에서 열려...8개 세션, 70여편 논문 발표', '신진 융합보안 우수 연구자상...김지윤 교수, 오정주 박사, 신동혁 박사과정 등 수상', '[보안뉴스 김영명 기자] 한국융합보안학회(회장 이동휘)는 ‘미래 국방사이버 및 전력 분야 보안 향상을 위한 학술대회 및 워크숍’을 주제로 11월 3일 서울 용산 나인트리 프리미어 로카우스 호텔에서 추계학술대회와 워크숍을 개최했다고 밝혔다.', '이번 학술대회에서 발표 세션으로는 △국방보안연구소 조해민 대위가 ‘국방우주보안 필요성 및 보안요구사항’ △국방보안연구소 김동현 소령이 ‘美 CMMC 제도와 한국 방산보안 대응방안’ △극동대 이용준 교수가 ‘ESS 안전을 위한 사이버 보안 관제’ △이글루코퍼레이션 정일옥 전문위원이 ‘생성형 AI를 통해 발생 가능한 보안위협과 대응전략’ △센티넬원 박정수 이사가 ‘제로데이 악성코드 분석을 위한 Threat Hunting의 새로운 기준’ △KISA 허준 수석이 ‘우주 사이버 위협 및 정책 동향’이란 주제로 진행했다. 이어서 학술논문 발표에서는 6개 세션과 성신여대 기술보호(산업보안), 경찰대 가상화폐의 2개 특별세션 등 총 8개 세션으로 학술논문 70여편을 발표하고 워크숍과 함께 진행됐다.', '신진 융합보안 우수 연구자상 및 우수논문상 시상식에서는 국방보안연구소 차영균 소장의 축사가 있었으며, 국립경상대 김지윤 교수, 성신여대 오정주 박사, 전남대 신동혁 박사과정이 신진 융합보안 우수 연구자상을 수상했다.', '최우수 논문은 ‘프롬프트 엔지니어링을 통한 가상자산 지갑주소 추정 기법에 대한 연구’(연세대·경찰대/김소연, 이봉규, 윤철희) 논문이 선정됐으며 한국융합보안학회장상이 수여됐다. 또한, 우수 논문은 △부채널 공격을 통한 임베디드 장비의 부트로더 보안 기법 우회에 관한 연구(중부대·순천향대·목포대·전남대/이유경, 김찬인, 박명훈, 신명진, 양강민, 김민수) △중국 제조 장비의 산업기술 유출방지를 위한 정책적 대응 방안(성신여대/배은재, 임지민, 박원형) △Factory Access Mode를 활용한 SSD 포렌식 기법 제안(동신대/박준성, 공승준, 김종민) △오픈소스 기반 5G 인증 프로토콜 테스트베드 구축 ‘5G 프라이버시 보호 메커니즘 중심으로’(국민대/권호석, 박영신, 김보남, 유일선) △ESS 에너지 저장 시스템의 융합보안관제 연구(극동대/신재호, 유도진, 이용준) △드론 원격 식별을 위한 프라이버시 보호 디지털 신원 시스템(성신여대/박소현, 황유진, 장한나, 신예은, 이일구) △사물인터넷 대상 고도화 공격 근원지 서버 탐지를 위한 기계학습 활용 방안 연구(전남대/한승주, 신동혁, 김유빈, 이종범, 엄익채) △우주 시스템 환경에서 사이버 위협 인텔리전스 분석 연구(한국인터넷진흥원·성신여대/허준, 서민희, 정윤영, 박원형) △북한의 DeFi 탈취 사고 분석을 통한 사이버안보 정책 강화 연구 △분류 알고리즘 기반 URL 이상 탐지 모델 연구 제안(동신대/김현우, 문채영, 오명호, 이동휘) 등에게 수여됐다.', '우수 논문상은 각각 한국전력공사 사장상, 한전KDN 사장상, 한전KPS 사장상, 국방보안연구소장상, 한국인터넷진흥원장상, 사이버작전사령부 사령관상, 한국CISSP협회장상 등이 수여됐다. 우수논문상과 장려상은 각각 상장과 함께 부상이 전달됐다.', '이번 학술대회는 성신여대, 경찰대, 연세대, 세종대, 국민대, 단국대, 인제대, 동국대, 순천향대, 전남대, 목포대, 경상국립대, 동신대, 중부대, 극동대, 창신대, 아주대 등 국내외 대학과 연구기관이 참여했다. 이밖에도 한국전력공사, 한전KDN, 한전KPS, 한국인터넷진흥원, 사이버작전사령부, 국방보안연구소, 성신여대 연구산학협력단, 경찰대 치안정책연구소, 한국CISSP협회, 휴네시온, 삼인공간정보, 대신정보통신, 지에프티 등이 이번 행사를 후원했다.', '한국융합보안학회 측은 “이번 학술대회 및 워크숍을 통해 우주사이버보안, 에너지ICT보안, 선박보안 등 미래 국방보안 및 전력분야에 대한 공격과 방어 기술에 대한 연구논문이 발표됐다”고 밝혔다. 이어 “보안 워크숍은 다양한 보안 전문가를 초청해 현재 이슈가 되고 있는 보안 문제를 다양한 분야의 전문가분들과 소통하며 논의할 수 있는 장을 마련했다”며 “신진 연구자들이 연구 활동을 더욱 장려하는 계기가 될 전망”이라고 덧붙였다.', '한편, 한국융합보안학회는 국가·국방 등 민·관·군·산·학·연 사이버안보 역량 강화를 위해 설립된 국방부 비영리 학술단체로, 2002년 한국사이버테러정보전학회로 설립됐으며 2012년 한국융합보안학회로 명칭을 변경해 현재에 이르고 있다. 학회는 사이버 위협이 점차 고도화되고 지능화되면서 IT 기반의 정보보안과 물리보안을 통합한 ‘융합보안’으로 시너지를 추구하며 융합보안 관련 학술연구와 기술개발 및 전문인력을 양성 등의 활동을 수행 중이다. 학회는 산·학·연·군 보안전공 학생, 교수, 연구원, 군인 등 약 500명의 회원이 활동 중이다.', '[김영명 기자(', 'boan@boannews.com', ')]']"
"행안부·해수부, 울산시·해경청 등 17개 기관과 합동으로 ‘레디 코리아 2차 훈련’ 실시",http://boannews.com/media/view.asp?idx=123434&page=1&kind=2,박미영 기자,2023년 11월 07일 14:56,"['[보안뉴스 박미영 기자] 행정안전부와 해양수산부는 울산시, 울산 남구, 해양경찰청, 울산항만공사 등 17개 기관과 합동으로 지난 6일 울산신항 용연부두에서 해양선박사고 대응훈련을 실시했다.', '이번 훈련은 행정안전부가 올해부터 새롭게 도입해 지난 9월 8일 고속철도 율현터널에서 최초로 실시했던 훈련에 이어 두 번째 READY(Real event Exercise with Aspiration and Desire for safetY) Korea 훈련이다.', 'READY Korea 훈련은 기후변화와 사회구조의 복잡성 증가로 새롭게 대두되는 잠재위험과 재난의 양상이 급격히 확대되는 복합적 재난에 효과적으로 대응하기 위해 행정안전부가 새롭게 기획한 훈련이다.', '이번 훈련에서는 복합재난으로 확대될 잠재적 위험성이 높은 해양선박사고를 선정해, 유관기관의 대비·대응태세를 종합적으로 점검했다. 이번 훈련은 지난 2017년 12월 인천 영흥도 인근 해상에서 급유선과 어선이 충돌하며 15명이 사망한 사건에 기반해 어선과 급유선 충돌로 어선이 전복되면서 조난자가 발생하고, 급유선에 탑재된 유류는 바다로 유출되며 선상에서는 화재가 발생하는 복합적인 상황을 설정했다.', '행정안전부와 해양수산부는 사고 발생 직후부터 각각 중앙재난안전대책본부와 중앙사고수습본부를 가동해 선원구조·구급, 화재 진압, 해양 오염 방제 등 총력 대응을 지휘·지원했다.', '해양경찰청은 에어포켓에 고립된 실종자를 구출하기 위해 잠수사의 진입이 불가능한 상황에서 사용할 수 있는 ‘선체 절단 구조 기술’을 시연했다. 또한, 민간어선과 해양구조협회 소속의 민간잠수사가 해양경찰청과 합동으로 표류자 구조와 실종자 탐색을 진행했다. 울산시와 울산 남구(보건소)는 사상자를 분류·이송하고 의료비와 긴급복지를 지원하는 등 응급의료체계와 구호체계를 가동했다.', '이상민 행정안전부 장관은 “이번 훈련은 변수가 다양한 해양선박사고에 대비해 유관기관이 모두 참여해 대응체계와 기관 간 협력체계를 실전과 같이 가동해 보는 훈련”이라며, “정부는 앞으로도 실전형 합동훈련인 READY Korea 훈련을 정기적으로 실시하고 훈련 결과를 반영해 잠재위험의 대비체계를 튼튼하게 보완할 계획”이라고 말했다.', '조승환 해양수산부 장관은 “실전과 같은 훈련을 통해 해양선박사고에 대한 정부의 대응 역량을 강화하게 될 것으로 기대한다”며, “아울러 복합적으로 진행되는 재난 대응을 위한 관계기관 간 협력체계도 꼼꼼히 점검하겠다”고 말했다.', '[박미영 기자(', 'mypark@boannews.com', ')]']"
한국의 지식재산 경영 전략을 배우러 24개국 지도자 서울에 모였다,http://boannews.com/media/view.asp?idx=123435&page=1&kind=2,박미영 기자,2023년 11월 07일 14:54,"['특허청, 세계지식재산기구와 함께 지식재산 전문가 인증 교육 실시', '[보안뉴스 박미영 기자] 특허청은 세계지식재산기구(WIPO) 및 한국발명진흥회와 공동으로 지난 6일부터 9일까지 한국지식재산센터(서울시 강남구)에서 국제 지식재산 전문가 인증 과정(AICC)을 운영한다고 밝혔다.', '올해로 14회째 운영되는(2010~) 본 과정은 전 세계의 지식재산 전문가를 대상으로 지식재산을 활용한 경영전략에 대해 심화 교육을 하는 과정으로, 지금까지 총 173개국에서 1만3,095명이 수강했다.', '올해는 아이피 파노라마((IP Panorama) 2.0 콘텐츠를 활용해 온라인 과정을 수강한 111개국 923명 중 24개국 39명의 우수 학습자를 선발해 오프라인으로 교육을 진행한다.', '이번 과정은 기업경영 측면에서 지식재산의 효과적인 활용과 관련된 △지식재산 가치평가 및 금융 △최신 지식재산 동향 △지식재산 사용권(라이센싱) 전략 △혁신 경영 등의 과목으로 구성되며, 이론 교육뿐 아니라 사례 학습을 통한 실무능력 배양을 중점으로 하고 있다.', '미국 노스웨스턴 로스쿨, 세계지식재산기구(WIPO), 카이스트 등에서 활동하는 국내외 유명 지식재산 전문가들이 강사로 참여할 예정이다.', '이번 과정에 참여하는 각국의 지식재산 전문가들이 지식재산을 이용한 비즈니스 전략을 수립하는 과정을 습득해, 자국 기업들이 지식재산을 활용한 경영을 도입하고 시행하는 과정에 도움을 줄 수 있을 것으로 기대된다.', '특허청 김태응 국제지식재산연수원장은 “본 과정을 통해 전 세계에서 모인 우수한 교육생들이 국제 사업(비즈니스) 관점에서의 지식재산 경영의 중요성을 인식하는 계기가 되기를 원한다”며, “앞으로 많은 기업들이 궁극적으로 지식재산을 이용한 공정한 경쟁을 통해 발전할 수 있는 토대를 마련하기 위해 관련 교육 과정 및 교육 대상을 점차 확대해 나갈 것”이라고 밝혔다.', '한편, 본 과정에 대한 보다 자세한 사항은 키포 아카데미 누리집-교육과정-IP전문역량 개발 과정에서 확인할 수 있다.', '[박미영 기자(', 'mypark@boannews.com', ')]']"
"특허청, 개도국에 지식재산 발전 노하우 전파한다",http://boannews.com/media/view.asp?idx=123436&page=1&kind=2,박미영 기자,2023년 11월 07일 14:53,"['‘KIPO-WIPO-UNIDO 워크숍 인 코리아’ 개최, 개도국 공무원 대상 지식재산 교육 통해 산업 발전 격차 해소 기대', '[보안뉴스 박미영 기자] 특허청은 지난 6일부터 10일까지 개도국 공무원의 지식재산 역량 강화를 위해 ‘KIPO-WIPO(세계지식재산기구)-UNIDO(유엔산업개발기구) 워크숍 인 코리아(Workshop in Korea)’ 과정을 진행한다고 밝혔다.', '이번 과정은 개발도상국 산업부 공무원을 대상으로 하며, 지재권 활용 및 보호 전략 수립 방법 등을 전수해 지재권을 통한 경제 발전을 촉진하고 지속가능한 산업 발전 동력을 이끌어 내는 데 도움을 주기 위해 개설됐다.', '본 과정에는 유엔산업개발기구(UNIDO) 회원국 중 총 8개국((베트남, 태국, 아제르바이잔, 미얀마, 필리핀, 네팔, 방글라데시, 이란)의 지재권 관련 공무원 12명이 참여한다. 개도국 산업 발전 과정에서 필요한 △혁신 주도 성장과 지속가능한 개발을 위한 환경 조성 △산업 발전에서의 지식재산(IP)의 역할 △정부·민간 분야에서 지식재산(IP) 활용 촉진을 위한 인적자원 △지역 상품 개발 정책 등의 내용이 포함돼 있다.', '이번 과정을 통해 개도국 공무원의 지식재산 역량을 강화하고, 참여한 공무원들이 각 나라에 돌아가 산업 정책을 추진할 때 지식재산을 활용함으로써 선진국과 개도국 간 산업 발전 격차 및 지식재산 격차를 해소하는 데 보탬이 될 수 있을 것으로 기대된다.', '특허청 김태응 국제지식재산연수원장은 “이번 과정이 개도국 산업 담당 공무원들의 지식재산에 대한 인식이 제고되는 기회가 되길 바라며, 특허청은 개도국의 발전과 지속가능한 경제 성장을 위해 앞으로도 세계지식재산기구(WIPO)와의 협력을 통한 교육 과정 개발 및 운영을 확대해 나갈 것”이라고 밝혔다.', '[박미영 기자(', 'mypark@boannews.com', ')]']"
디지털 기술 혁신을 위한 새로운 여정의 시작,http://boannews.com/media/view.asp?idx=123437&page=1&kind=2,박미영 기자,2023년 11월 07일 14:50,"['과기정통부, 올해 ICT R&D를 총합하는 ‘2023 ICT R&D 주간’ 개최', '[보안뉴스 박미영 기자] 과학기술정보통신부(이하 과기정통부)는 우수한 디지털 기술 혁신 성과를 공유하고 새로운 디지털 미래 방향을 모색하는 ‘2023 ICT R&D 주간’ 행사를 7일부터 10일까지 서울 대한상공회의소에서 개최한다.', '디지털 신질서를 주도하기 위한 ‘ICT 시리즈 행사’의 일환으로 ICT 산업 전망 컨퍼런스(11.2.~3.)와 글로벌 ICT 표준 컨퍼런스(11.6.~9.)와 연계해 올해 2회째 개최되는 이번 행사는 ‘디지털 기술 혁신, 세계 최고를 향한 여정’을 주제로, 연구개발 경험과 ICT R&D 성과를 확산하며 글로벌 기술 전망과 산업 동향 등을 공유하며 다가올 우리의 디지털 미래를 조망한다.', '개막식을 시작으로 나흘간 총 13개의 세부 행사가 진행되며, ICT 기술 전망과 R&D 투자 방향부터 기술개발·인재 양성·성과 확산에 이르기까지 ICT R&D 전 주기와 디지털 미래 관점에서 소통이 이뤄질 예정이다.', '[①개막행사] 새로운 디지털 시대를 향한 비전', '먼저, 디지털 신질서 정립 협의체 의장인 태재대 염재호 총장이 기조강연을 통해 디지털 심화 시대를 마주해 대한민국이 이끌 새로운 디지털 규범 질서 비전을 제시했다. 두 번째 기조강연은 글로벌 인공지능(AI)‧반도체 기업인 엔비디아(NVIDIA)의 쉴파 콜핫카 글로벌 AI총괄이 맡아, 각국의 AI 등 디지털 기술혁신 지원 경험을 공유하고 글로벌 디지털 기술 혁신의 방향을 전망했다.', '특별강연에서는 디지털 혁신 기업과 연구기관의 연구개발 경험과 미래 비전을 생생하게 전달한다. 뤼튼테크놀로지스의 이세영 대표가 생성형 AI의 지나온 길과 나아갈 방향을, 에스투더블유의 서상덕 대표가 사이버보안 기술 혁신의 여정과 비전을, ETRI 박혜숙 본부장이 신뢰 네트워크 분야의 기술개발부터 성과 창출까지의 경험을 소개하며 ICT R&D의 미래를 예측했다.', '[②기술전략] 경계가 허물어지는 ‘디지털 미래 세상’', '세부 행사로는 먼저 다가올 미래를 선명하게 조망하기 위한 기술 전망과 투자 동향, 최신 디지털 이슈에 대한 논의가 이뤄진다. 인공지능·AI반도체·양자기술 등 디지털 혁신 기술 분야별로 전망하는 한편, 내년도 ICT R&D 투자 방향도 제시할 계획이다. 더 나아가 디지털 융합 관점에서 미래 안보를 위한 ICT와 국방의 융합을 논의하고, 디지털 기술과 인문학의 조화로운 발전 방향을 모색하고자 디지털 인문 융합 콘서트도 진행될 예정이다.', '[③기술개발] 협력·교류하는 ‘디지털 기술 혁신’', '디지털 기술 혁신에 필요한 다양한 문제 해결 방식 공유와 연구 효율화를 위한 ICT R&D 협력·교류의 기회가 제공되고 신진연구자의 의견 청취를 위한 대화의 장도 마련된다. 또한, ICT R&D의 원활한 수행과 효율적인 연구를 돕기 위한 통합설명회도 개최된다. 이뿐 아니라 미국 국토안보부, EU 정보통신총국, 영국 과학혁신기술부 등 해외 주요 기관과 협력했던 성과를 공유하고 내년도 글로벌 디지털 발전 방향을 함께 모색해 나갈 계획이다.', '[④성과 확산] 민·관이 함께하는 ‘디지털 성장 지원’', 'ICT 기술 성과 확산에 기여한 연구자들을 격려하기 위해 ICT R&D 분야 유공자들과 우수 평가위원에 대한 시상을 진행한다. 또한, 디지털 인재의 기술·창업 역량 함양을 위한 기업가정신 교육, 인턴십 우수 성과에 대한 시상과 발표 등도 진행된다. 아울러 데이터센터용 AI반도체, AI 언어모델 등 16개 ICT R&D 주요 성과물에 대한 전시도 함께 마련하며 연구개발 성과의 확산에도 적극 나설 계획이다.', '과기정통부 강도현 정보통신정책실장은 “이제 디지털 기술은 단순한 기술 차원을 넘어, 경제·사회·문화·환경의 변화를 선도하는 혁신의 핵심동력이 되고 있다”고 강조하며, “과기정통부는 지난 9월에 발표한 ‘디지털 권리장전’을 바탕으로 새로운 디지털 규범과 질서를 정립하는 역할에 최선을 다할 계획이며, ‘2023 ICT R&D 주간’ 행사가 그 여정의 시작이 될 수 있기를 희망한다”고 밝혔다.', '[박미영 기자(', 'mypark@boannews.com', ')]']"
"과기정통부, 6G 주파수 총괄하는 ITU에 국내 전문가 파견",http://boannews.com/media/view.asp?idx=123438&page=1&kind=2,박미영 기자,2023년 11월 07일 14:36,"['ITU(국제전기통신연합) 6G 분야 민간 전문가 공모 추진', '[보안뉴스 박미영 기자] 과학기술정보통신부(이하 과기정통부)는 차세대 이동통신 기술 환경 변화에 빠르게 대처하고 글로벌 6G 시대를 선도하기 위해 ITU에 파견할 민간 전문가를 공모한다.', '과기정통부는 지난 8월, 국내 6G 전문가의 국제무대 파견 노력을 이어가기 위해 민간 전문가의 ITU 파견 합의서(MoU)를 마리오 마니에비치 ITU-R 국장과 체결한 바 있다. 아울러 이번 전문가 파견이 6G 주파수 발굴 논의가 이뤄질 국제무대에서 우리나라가 주도권을 확보할 수 있는 좋은 기반이 될 수 있을 것으로 기대하고 있다.', '이번에 공모하는 민간 전문가는 ITU의 전파통신국(ITU-R) 연구그룹부(SGD)에서 이동통신(6G 등) 미래 혁신 기술 관련 협력 활동 등을 수행하고 ITU 연구반(SG) 활동을 지원한다.', '모집 기간은 오는 21일까지며, 응시자에 대해서는 서류 심사 및 면접 시험을 거쳐 해당 직위의 적격자를 선발할 예정이다. 면접 시험에서는 전문가적 능력, 의사 전달 및 협상 능력 등을 평가하게 된다.', '또한 이번에 선정될 민간 전문가는 2024년 3월 중 ITU에 파견 예정으로, 향후 3년간 활동하게 된다. 세부 채용 절차와 일정 등은 한국전파진흥협회 홈페이지를 통해 확인할 수 있다.', '[박미영 기자(', 'mypark@boannews.com', ')]']"
"국가인재원, 베트남 정부 디지털 대전환 돕는다",http://boannews.com/media/view.asp?idx=123439&page=1&kind=2,박미영 기자,2023년 11월 07일 14:32,"['베트남 미래 지도자 역량 강화 방한 연수 13일까지 진행', '[보안뉴스 박미영 기자] 베트남 정부의 디지털 대전환을 지원하기 위해 한국의 지식과 경험을 공유하는 방한 연수가 시작됐다. 국가공무원인재개발원(이하 국가인재원)은 오는 13일까지 베트남의 정부의 ‘호치민 국가정치아카데미’ 소속 공무원 15명을 대상으로 ‘베트남 미래지도자 역량 강화 방한 연수’를 실시한다고 밝혔다.', '호치민 국가정치아카데미(Hochi Minh National Academy of Politics)는 베트남 공산당 중앙집행위원회 산하기관으로 당 및 정부의 간부 인재 양성 최고 교육 훈련기관이다. 이번 연수는 베트남 공무원 역량 강화 지원을 위해 올해부터 2025년까지 3년간 진행되는 공공 행정 분야 공적개발원조(ODA) 중 1년차 사업이다. △디지털 기술 △디지털 전환 전략 △한국 정부 혁신 사례 등 거시적 국가 발전 전략을 이해할 수 있도록 설계됐다.', '국가인재원은 교육과 함께 △행정안전부 디지털정부 전시체험관 △서울 성북구 4차산업혁명 체험센터 △삼성 기술혁신 박물관(이노베이션 뮤지엄) 등 정부와 민간 부문의 다양한 사례 경험할 수 있는 현장 견학을 병행하며, 정책기획 역량을 강화할 계획이다.', '베트남은 지난 2020년 6월 국가 차원에서 디지털 전환의 중요성을 인식하고, ‘2030년까지의 전망(비전), 2025년 국가 디지털 전환 프로그램’을 수립해 디지털 전환을 가속화하고 있다.', '국가인재원은 지난달 13일 김채환 원장과 응우옌 쑤언 탕 호치민 국가정치아카데미 원장 간 면담을 계기로 고위공무원 양성 교육 프로그램 정례화 등을 위한 업무협약을 체결하기로 하는 등 향후 구체적인 협력을 강화해 나가고 있다.', '김채환 국가인재원장은 “교육훈련 분야에 대한 공적개발원조를 적극적으로 추진해 개발도상국 공무원 교육에 더욱 역점을 둘 것”이라며, “이번 연수가 디지털 변혁의 시대에 대응하고 있는 베트남의 발전과 공무원 역량 강화에 기여하길 바란다”고 말했다.', '[박미영 기자(', 'mypark@boannews.com', ')]']"
"소방안전교부세, 과학기술 활용한 신종재난 예측 등 재난안전 투자 강화",http://boannews.com/media/view.asp?idx=123440&page=1&kind=2,박미영 기자,2023년 11월 07일 14:30,"['행안부, 2024년 소방안전교부세 대상 사업 지정·통보', '[보안뉴스 박미영 기자] 행정안전부는 지자체가 과학기술 기반의 예방 중심 재난안전 투자에 적극 나설 수 있도록 독려하고, ‘국가안전시스템 개편 종합대책’의 현장 작동성을 뒷받침하기 위해 2024년 소방안전교부세 대상 사업을 지정해 시·도에 통보했다.', '최근 신종위험에 대한 예방 중심 안전투자의 중요성이 더욱 강조됨에 따라 대상 사업 3개를 신설하고 기존 대상 사업 중 세부 범위를 확대 조정하는 한편, 소방안전교부세 예산의 효율적인 집행을 위해 일부 미비점도 보완했다. 새롭게 신설된 대상 사업의 주요 내용은 다음과 같다.', '첫째, 인파사고와 같은 신종 위험을 예측하고 대비체계를 구축하는 사업 유형을 대상 사업으로 신설했다. 앞으로 지자체는 자동으로 위험징후를 분석·감지하는 지능형 CCTV 통합관제시스템 구축 등에 소방안전교부세를 활용할 수 있게 된다.', '둘째, 산사태 및 토석류 등으로 인한 인명 피해를 예방하기 위해 사방시설 정비를 대상 사업으로 신설했다. 최근 인명 피해가 급증하고 있는 산사태 및 토석류 등에 지자체의 효과적인 예방 투자가 기대된다.', '셋째, 재난 현장에서 소방 대응역량 제고를 위해 그동안 대상 사업에서 제외되었던 발전기·수중펌프 등 보조장비의 교체·보강을 추가했다. 이를 통해 일선 소방 현장에서 재난대응 작동성의 향상도 기대된다.', '그 밖에 세부 범위가 확대 조정된 대상 사업의 주요 내용은 다음과 같다. 우선 예방 중심 재난안전관리 강화를 위해 안전점검 대상을 확대해 중점 투자하도록 유도하고, 자연재난에 적극적으로 대비하기 위해 기존의 방재시설 유지·관리뿐만 아니라 재난 예/경보 시설·소하천 부속시설 등 설치까지 사업 범위를 확대했다.', '또한, 어린이·노인·장애인보호구역에서 교통사고 위험을 줄이기 위한 보도와 도로부속물 설치 등과 안전체험시설 활성화를 위한 안전체험관 시설 개선과 콘텐츠 제작 등 운영 지원을 세부 사업 범위로 포함했다.', '아울러 재난 시 원활한 대피와 긴급구조 등을 위해 실내 위치 안내가 가능한 지능형 주소정보시설 설치도 가능하도록 세부 범위를 조정했다.', '한편, 기존의 노후 소방관서 개선 사업 중 이전 신축·재건축 사업은 많은 예산이 투입됨을 고려해 사전에 사업 타당성을 검토하는 절차를 거치도록 함으로써 예산이 효율적으로 집행될 수 있도록 개선했다.', '이용철 안전예방정책실장은 “소방안전교부세가 지자체별로도 시급한 분야를 중심으로 균형있게 활용돼 지자체의 재난안전 역량 강화에 도움이 되기를 바란다”며, “정부는 소방안전교부세를 활용해 인파사고 등 신종재난에도 철저히 대비해 나가겠다”고 밝혔다.', '[박미영 기자(', 'mypark@boannews.com', ')]']"
"국표원, 우리나라 반도체조립기술 국제표준으로 나온다",http://boannews.com/media/view.asp?idx=123443&page=1&kind=2,박미영 기자,2023년 11월 07일 14:28,"['새로운 인쇄회로기판(PCB) 설계 기술, 국제표준 최종 승인 단계 진입', '레이저 접합(Laser Assisted Bonding) 기술, 신규 국제표준안으로 제안', '[보안뉴스 박미영 기자] 반도체 제품 제작의 핵심인 전자조립기술 분야에서 우리나라 주도로 국제표준이 제정되고 신규 국제표준도 제안된다. 산업통상자원부 국가기술표준원은 미국·독일·일본·중국 등 9개 회원국 50여명의 표준 전문가가 참가한 가운데 전자조립기술 국제표준화 위원회(IEC/TC 91) 회의를 지난 6일부터 5일간(11.6.~10.) 제주 오션스위츠 호텔에서 개최한다. 전자조립기술 분야는 반도체 칩(Chip)과 부품의 패키징, 인쇄회로기판(PCB) 소재 및 접합 기술 등 다양한 범위를 포함한다.', '이번 국제회의에서는 우리나라가 개발한 ‘캐비티(=부품접합용 홈) 기판 설계 기술’ 국제표준안에 대한 후속 논의가 진행된다. 이 표준안은 반도체 패키지 소형화를 위해 기판에 홈(Cavity)을 형성하는 기술이다. 현재 국제표준 최종 승인 단계이며, 국제표준으로 발간되면 관련 기술의 상용화를 앞둔 우리 기업의 시장 확대에도 기여할 것으로 보인다.', '또한 우리나라는 ‘레이저 접합 기술’ 신규 국제표준안도 제안한다. 제안된 표준안은 전자부품과 인쇄회로기판을 접합하기 위한 레이저의 주사시간 및 강도에 대한 기준을 담고 있다. 최근 전자제품은 작고 가벼워짐에 따라 초소형 반도체 칩에 대한 요구가 증가하고 있는 상황이다. 레이저 접합 기술은 기판 전체를 가열하는 전통 방식 대비 레이저를 활용해 휨(warpage)과 에너지 손실을 줄일 수 있는 기술로 평가된다. 표준안은 향후 관련 기술위원회 회원국 2/3 이상의 찬성으로 승인되며 표준개발 논의가 진행된다.', '진종욱 국가기술표준원장은 “전자조립기술은 일상생활의 개인용 스마트폰부터 고성능 인공지능 컴퓨팅 장비에까지 그 쓰임새가 크고 다양하다”며, “우리 기업의 글로벌 시장 확대를 위해 폭넓은 국제표준화 활동이 이뤄질 수 있도록 적극 지원하겠다”고 전했다.', '[박미영 기자(', 'mypark@boannews.com', ')]']"
"경기 화성시·충남 당진시·제주 서귀포시, 지역자율방재단 우수 사례 최우수상 수상",http://boannews.com/media/view.asp?idx=123444&page=1&kind=2,박미영 기자,2023년 11월 07일 14:27,"['지역자율방재단 우수 사례 경진대회 실시, 총 12개 지역자율방재단 행안부 장관상 수상', '[보안뉴스 박미영 기자] 행정안전부는 10월 31일부터 11월 2일까지(3일간) 전국 지역자율방재단과 지자체 담당공무원 등 총 600여명이 참석한 가운데, ‘2023년 지역자율방재단 우수 사례 경진대회 및 직무교육’을 개최했다.', '이번 경진대회는 코로나19로 인해 2018년 이후 5년 만에 개최하는 것으로, 3개 권역으로 나눠 경기 가평군(10.31.)·경북 경주시(11.1.)·대전 서구(11.2.)에서 순차적으로 실시됐다.', '지역자율방재단은 지역의 자율적인 방재 기능을 강화하기 위해 2006년부터 지역 단위로 구성·운영되고 있으며, 전국에 총 6만8,613명(2022년 말 기준)의 단원이 활동하고 있다.', '지역자율방재단에서는 평소 재난에 대비한 위험지역 예찰과 신고 활동을 할 뿐만 아니라, 재난 발생 시에는 지자체와 협력해 응급 복구와 이재민 구호 활동 등 업무를 수행하고 있다.', '경진대회에서는 지난 1년 동안의 대설·한파, 호우·태풍, 폭염 시 예방·대응·복구 활동 등 각 시도에서 선정된 21개 지역자율방재단의 우수 사례가 발표됐다. 심사를 통해 3개 권역별로 최우수상(각 1점), 우수상(각 1점), 장려상(각 2점) 등 총 12점을 선정해 행정안전부 상장을 수여했다.', '최우수상의 영예는 △보유장비를 활용해 호우 실종자 수색 활동 등을 지원한 ‘경기 화성시’ △방재단의 한계를 극복하고 기동대·드론지원단 등을 운영해 재해우려지역 등을 점검한 ‘충남 당진시’ △제설제 사전 준비와 긴급제설작업 등을 신속히 지원한 ‘제주 서귀포시’ 지역자율방재단이 안았다.', '또한 △우수상은 강원 인제군·전북 완주군·경남 김해시 지역자율방재단이, △장려상은 서울 노원구·대구 수성구·대전 대덕구·경기 오산시·충남 예산군·경북 봉화군 6개 자율방재단이 수상했다.', '아울러 올해 겨울철 대설·한파 등 자연재난에 대비해 지역자율방재단의 임무와 역할, 과거 피해와 대응 사례 등 교육이 진행됐다.', '특히 대설에 대비해 제설재·제설함 등 사전 준비 사항과 대응 절차 등을 교육하고, 한파에 대비한 한파쉼터 사전 점검·지역 내 독거노인과 취약계층 방문 등을 통해 한랭질환을 예방할 수 있도록 적극적인 사전 예찰 활동도 당부했다.', '김광용 자연재난실장은 “기후변화 등으로 재난의 양상이 다양해짐에 따라 지역 내 재난 위험 상황과 실정을 가장 잘 알고 있는 지역자율방재단의 역할이 점점 더 중요해지고 있다”고 강조하며, “정부는 지역자율방재단이 ‘우리 동네 안전은 우리 손으로 지킨다’는 자부심을 가지고 지역의 안전지킴이로서 적극적으로 활동할 수 있도록 적극 지원하겠다”고 밝혔다.', '[박미영 기자(', 'mypark@boannews.com', ')]']"
공공데이터 기반 사회현안 해결 아이디어 발굴 ‘오픈데이터포럼 해커톤’ 결과 발표,http://boannews.com/media/view.asp?idx=123445&page=1&kind=2,박미영 기자,2023년 11월 07일 14:25,"['‘따시개’팀(기후 및 날씨 관련), 제2회 오픈데이터포럼 해커톤 행정안전부 장관상 수상', '[보안뉴스 박미영 기자] 행정안전부는 ‘오픈데이터포럼 해커톤’ 대회 결선을 지난 4일 개최했다. ‘오픈데이터포럼 해커톤’은 공공데이터를 활용해 우리 사회의 현안문제(생활환경, 재난환경, 교통, 보건복지 등)를 해결하고 대학 재학생들의 창업 동기를 부여하기 위한 것으로, 작년에 이어 올해 두 번째로 개최됐다.', '올해 오픈데이터 해커톤에는 33개 대학교에서 총 32개 팀이 예선에 참가했으며, 작년 제1회 대회 참가팀(25개)에 비해 참가팀이 대폭 증가하는 등 대학생들의 관심이 증가하고 있음을 확인할 수 있었다.', '예선을 통과해 결선에 진출한 10개 팀은 10일간 공공데이터 활용 실습교육과 함께 팀별 멘토링(전문 지도)을 거쳤으며, 이날 결선에서 실력을 겨뤘다.', '이날 결선 대회에서 각 팀들은 그동안 진행됐던 실습교육과 멘토링을 바탕으로 장애인 여행 지원, 노인의 사회활동, 지역활성화 등 각종 사회현안을 해결하기 위한 아이디어를 발표했다.', '이날 심사위원으로 참여한 창업 및 데이터 관련 분야별 전문가(5명)들은 발표된 대학생들의 제안이 전체적으로 창의성과 실현가능성·적시성 측면에서 향후 창업아이템으로 활용가치가 높다고 평가했으며, 심사위원의 평가 결과에 따라 대상 및 최우수상·우수상을 수상한 5개 팀에게는 총 500만원의 상금이 시상됐다.', '이날 대상인 행정안전부장관상을 수상한 ‘따시개’팀은 기상공공데이터 및 생활기상지수 등을 활용해 기후 및 날씨 변화에 따른 개인별 맞춤서비스 제공 플랫폼을 주제로 발표했다.', '‘따시개’팀의 제안은 적시성과 실현가능성에서 높은 평가를 받았다. 최근 가장 큰 사회현안인 기후문제를 극복하기 위한 아이디어를 현실성 있게 제안했다는 평가를 받았다.', '또한 지역활성화를 주제로 발표한 ‘로카’팀·장애인 제주여행 지원을 주제로 발표한 ‘제주단짝’팀이 최우수상인 한국지능정보사회진흥원장상을 수상했으며, ‘종자돌림가족’팀과 ‘시도와예진’팀이 오픈데이터포럼운영위원장상·걸스인텍코리아지부장상을 각각 수상했다.', '김준희 공공데이터국장은 “오픈데이터포럼 해커톤 대회가 향후에도 대학생 및 청년들의 번뜩이는 아이디어가 발굴되고 창의적인 역량 개발의 장으로 자리잡을 수 있도록 적극적으로 지원하겠다”고 밝혔다.', '[박미영 기자(', 'mypark@boannews.com', ')]']"
"금융위, 핀테크 우수 기업 ‘K-Fintech 30’ 선정",http://boannews.com/media/view.asp?idx=123446&page=1&kind=2,박미영 기자,2023년 11월 07일 14:24,"['금융 혁신을 주도할 우수 핀테크 기업 10개사에 정책자금 연계 등 집중 지원', '[보안뉴스 박미영 기자] 금융위원회는 지난 6일 핀테크 우수 기업 ‘K-Fintech 30’ 1차 모집 결과 선발된 핀테크 기업 10개사에 대한 선정식을 개최했다.', '이번에 선정된 10개 기업은 모인, 빌리지베이비, 센트비, 씨앤테크, 아크로스테크놀로지스, 에이젠글로벌, 에임스, 파운트, 핀투비, 한패스(가나다순)다.', '이번 우수 기업 선정은 핀테크 산업에 활력을 불어넣고 미래의 금융 혁신을 주도할 유망한 핀테크 기업을 발굴하기 위한 것으로, 금년도에 1차 모집을 통해 10개 기업을 선정하고 3년(2023~2025년) 동안 총 30개 기업을 구성한다.', '이번 선정 과정에는 총 52개의 유망한 핀테크 기업이 지원해 5.2:1의 경쟁률을 보였으며, 핀테크 산업 관련 전문가들로 구성된 민간평가위원회의 평가 등을 종합적으로 고려해 사업모델의 혁신성과 성장성이 있는 우수한 핀테크 기업들을 선발했다.', '최종 선정기업 10개사의 평균 업력은 6.6년, 평균 매출액은 55.5억원, 평균 고용 인원은 57.1명, 평균 투자유치금액은 180억원(2023.7. 기준)이었다.', '선정된 기업에게는 정책금융 지원한도·금리조건 우대 등 다양한 정책자금 연계 지원을 비롯해 금융회사 서비스 연계 지원, 투자유치 및 IR 기회 확대, 핀테크 전문 컨설팅, 해외시장 진출 지원 등 스케일업(Scale-up)을 위한 맞춤형 집중 지원을 제공할 예정이다.', '구체적으로 정책금융기관(산은, 기은, 신보 등)에서 제공하는 정책금융상품의 대출한도·금리수준 등 각종 이용 우대를 제공할 예정이다.', '금융회사에서도 금융회사 서비스 연계 등을 통한 금융·보육 지원을 제공한다. 특히 금융회사에서 운영 중인 핀테크랩을 중심으로 전용펀드 기반 투자 검토, 컨설팅(ESG, 세무, 법률 등) 제공, 그룹사 금융 지원 연계 및 국내외 공간 지원 등 ‘K-Fintech 30’ 선정기업을 대상으로 다양한 지원패키지를 제공할 예정이다.', '또한 한국성장금융과 디캠프(d-camp)를 중심으로 선정기업들과 투자자와의 매칭 및 투자설명회(IR)를 통해 실질적 투자가 이뤄질 수 있도록 집중 지원할 예정이다. 특히 ①투자유치희망금액 ②산업 분야 ③진출 희망 국가 등에 따라 세분해 국내외 투자기관 매칭과 온·오프라인 방식 IR을 지원한다.', '마지막으로 금융규제 샌드박스 제도 신청 과정에서의 전문가 지원단 컨설팅(법률자문, 신청서 작성 등) 우대, 핀테크 기업 인프라(보안, 클라우드 등) 확충, 해외 진출 지원 등 핀테크 지원 사업을 통해 제공하는 다양한 지원 프로그램의 이용 우대도 제공할 예정이다.', '선정식에 참석한 전요섭 금융혁신기획단장은 “혁신성과 성장성을 갖춘 ‘K-Fintech 30’ 선정기업들이 우리나라를 대표하는 기업으로 스케일업(Scale-up)할 수 있도록 집중 지원하고, 핀테크 산업에 활력을 불어넣을 수 있도록 다양한 지원 정책도 지속할 예정”이라고 강조했다.', '한국핀테크지원센터 변영한 이사장도 “유망한 핀테크 기업들이 지속적으로 출현하고 성장할 수 있도록 다양한 지원을 제공하는 한편, 금융당국과 함께 핀테크 기업에 대한 지원체계를 고도화해 나가겠다”고 말했다.', '[박미영 기자(', 'mypark@boannews.com', ')]']"
"KT, 도심항공교통의 하늘길 지키는 ‘UAM 교통관리 시스템’ 첫선",http://boannews.com/media/view.asp?idx=123447&page=1&kind=3,박미영 기자,2023년 11월 07일 14:23,"['[보안뉴스 박미영 기자] KT가 지난 3일 전남 고흥에서 국토교통부 주관으로 진행된 ‘2023년 도심항공교통(UAM) 비행 시연 행사’에서 지능형 UAM 교통관리 시스템을 처음 공개했다고 밝혔다.', '이번 행사는 국내 개발 기체와 국내 최초 버티포트 등을 이용한 비행 시연으로, 한국형 UAM의 실증 사업을 홍보하기 위해 개최됐다. KT는 ‘K-UAM 그랜드챌린지 1단계 실증 사업’을 위해 협력하고 있는 인천국제공항공사, 대한항공, 현대차, 현대건설과 함께 전시 부스를 구성해 KT UAM 교통관리 시스템과 5G 항공망 기술을 소개했다.', 'KT의 UAM 교통관리 시스템인 ‘스카이아이즈’는 인공지능(AI) 교통관리 기술로 UAM의 안전한 운항과 효율적인 운항 스케줄 관리를 돕는다. UAM 교통 디지털 트윈 기술을 토대로 운항 수요를 예측하고, 최적의 운항 스케줄을 도출할 수 있다. 또 끊김이 없는 통신으로 UAM 기체의 비행을 안전하게 관리하고, 비행 상황의 실시간 변화에 따라 동적 교통관리도 가능한 점이 특징이다.', '이와 함께 KT는 UAM 전용 5G 항공망 기술인 ‘스카이링크’도 알렸다. 이 기술에는 UAM의 운항 고도에서 커버리지 홀이나 간섭이 발생하지 않도록 한 3차원 커버리지 설계 기술과 주요 트래픽의 전송 품질을 보장하는 네트워크 슬라이스 기술, 5G 항공망 커버리지를 효율적으로 확보하는 특화 안테나 기술 등이 적용됐다. 이를 통해 UAM의 운항 고도인 300~600m에서도 안정적인 5G 서비스를 제공할 수 있다.', 'KT는 2024년 상반기에 예정된 ‘K-UAM 그랜드챌린지 1단계 실증 사업’에서 교통관리 분야에 참여한다. 자체 개발한 UAM 교통관리 시스템과 5G 항공망 기술을 활용해 UAM의 안정적인 운항을 지원할 계획이다.', '한편, KT는 2021년 현대차·현대건설·인천국제공항공사·대한항공과 UAM 사업 협력을 위한 업무협약을 체결하고, △UAM 생태계 구축 및 사회적 수용성 증대 활동 협력 △UAM 산업 활성화를 위한 공동 노력 수행 △5사 UAM 사업 협력 로드맵 공동 추진 및 실증 사업 협력 △K-UAM 로드맵 및 UAM 팀 코리아 활동 공동 수행 등을 진행하고 있다.', 'KT 융합기술원 컨버전스연구소장 김봉기 상무는 “KT는 UAM 교통관리 사업자로서 안전하고 신뢰성 높은 UAM 교통관리 서비스를 제공하기 위해 UAM 교통 디지털 트윈과 AI 비행 관제 기술 등 다양한 기술을 개발하고 있다”며, “K-UAM 그랜드챌린지 실증 사업을 성공적으로 수행하기 위해 컨소시엄과도 긴밀하게 협력하겠다”고 말했다.', '[박미영 기자(', 'mypark@boannews.com', ')]']"
"LG유플러스, 산업 현장 안전관리 DX 솔루션 ‘스마플’ 출시",http://boannews.com/media/view.asp?idx=123449&page=1&kind=3,박미영 기자,2023년 11월 07일 14:20,"['대한산업안전협회-유엔이와 손잡고 클라우드 기반 안전관리 DX 솔루션 지난 1일 출시', '[보안뉴스 박미영 기자] LG유플러스는 대한산업안전협회, 유엔이와 함께 클라우드 기반 안전관리 DX 솔루션 ‘스마플’을 출시했다고 밝혔다. 국내 최대 산업 안전 전문기관인 대한산업안전협회에서 서비스를 설계하고, 환경·안전 전문 솔루션사인 유엔이에서 소프트웨어 개발을 맡았다. LG유플러스는 안정적인 인프라 운영을 담당한다.', '스마플은 아날로그식 중소 산업 현장의 안전관리 업무를 PC와 스마트폰으로 쉽고 간편하게 수행할 수 있게 만든 안전관리 DX 솔루션이다. 산업안전보건법 및 중대재해처벌법에서 규정한 약 570여개 조항, 400여개 의무 활동을 지원한다.', '사업장 안전관리에 필요한 사업장 현황 관리·위험성평가·안전교육·중대재해 발생 신고·안전점검 등 14개 기능을 웹과 모바일을 통해 원스톱으로 관리할 수 있으며, 중대재해처벌법에 따른 이행 항목을 체계적으로 점검할 수 있다.', '스마플은 지난 4월 1일부터 8,900여개 사업장을 대상으로 오픈베타 서비스를 제공한 후 지난 1일 정식 출시했다. 중소기업의 비용 부담을 고려해 사용자 수에 따른 월 구독 방식으로 제공돼, 초기 큰 비용 투자 없이 저렴하게 사업장에 도입할 수 있는 것이 가장 큰 특징이다. LG유플러스는 스마플 출시를 기념해 오는 12월 31일까지 신규 가입 사업장에 대해서는 3개월간 70%의 요금 할인 이벤트를 진행한다.', '내년 1월부터 50인 미만 사업장에까지 중대재해처벌법이 확대 시행됨에 따라 영세 중소기업의 안전관리 부담이 높아질 것으로 예상되는 가운데, LG유플러스는 스마플이 중소기업의 비용 부담을 낮추고 사업주의 안전보건 의무 준수를 도와 보다 안전한 산업 현장 구축에 기여할 것으로 기대하고 있다.', '한편 LG유플러스는 중대재해처벌법 시행에 맞춰 스마트안전사업스쿼드를 구성해 2022년부터 승강기 설치 및 주유소 유지보수 현장의 고소작업자 추락사고를 예방하는 △스마트안전장구와 물류창고 및 산업폐기물 현장에서의 부딪힘 사고를 예방하는 △AI지게차 안전 △AI운전자행동분석 등 다양한 스마트안전솔루션을 지속적으로 출시하고 있다. 오랜 DX 노하우를 기반으로, 스마트 안전 사업을 본격화한다는 방침이다.', 'LG유플러스 전승훈 스마트인프라사업담당은 “스마플이 영세 중소기업의 안전관리 부담을 낮춰줄 것으로 기대한다”며, “다양한 산업 현장에 고객의 목소리에 귀 기울여 안전한 산업 현장 조성에 기여할 것”이라고 말했다.', '[박미영 기자(', 'mypark@boannews.com', ')]']"
"SKT, ‘K-AI 얼라이언스’ 확장 가속화",http://boannews.com/media/view.asp?idx=123448&page=1&kind=3,박미영 기자,2023년 11월 07일 14:20,"['LLM 솔루션 기업 ‘올거나이즈’와 AI 생명공학 기업 ‘임프리메드’에 총 94억 투자', '[보안뉴스 박미영 기자] SKT가 주도하는 K-AI 얼라이언스에 한국 대표 AI 스타트업인 ‘올거나이즈’와 ‘임프리메드’가 합류하면서 참여기업이 16개사로 늘었다. 이로써 SKT AI 피라미드 전략에 한층 더 속도가 붙을 전망이다.', 'SK텔레콤이 거대언어모델(LLM) 올인원 솔루션 기업인 ‘올거나이즈(allganize)’와 AI 기반 반려동물 및 인간 대상 항암제 예후 예측 모델 개발 기업 ‘임프리메드(ImpriMed)’에 각각 투자를 하고 전략적 파트너십을 체결했다고 밝혔다.', 'SKT는 거대언어모델(LLM) 올인원 솔루션 기업인 ‘올거나이즈’에 약 54억원(400만달러), AI 기반 반려동물 및 인간 대상 항암제 예후·예측 모델 개발 기업 ‘임프리메드’에 약 40억원(300만달러)을 각각 투자하고 지분을 확보했다.', '올거나이즈는 2017년 설립된 스타트업으로 거대언어모델 기반의 생성형 AI 인지검색 솔루션을 통해 기업 문서를 빠르게 분석·요약해 제공하는 등 업무 생산성 혁신을 지원하는 다양한 AI 앱 및 솔루션을 보유하고 있다. 현재 미국, 일본, 한국에서 200여곳 이상의 고객사에게 서비스를 제공 중이다.', '임프리메드는 2017년 미국 실리콘밸리에 설립된 AI 기반 생명공학 스타트업으로, 축적된 암 환자의 데이터를 AI 알고리즘으로 분석해 최적의 항암 치료제를 추천하는 기술을 보유하고 있다.', 'SKT는 우선 올거나이즈와 협력을 통해 LLM 기반의 AI 앱 마켓 공동 사업을 추진할 계획이다. 올거나이즈는 기업들이 원하는 AI 앱을 골라 법률, 인사, 마케팅 등 업무에 바로 적용할 수 있는 LLM 앱 마켓을 운영 중이다.', '예를 들어 기업 내 데이터를 기반으로 방대한 문서를 요약해 일간 리포트로 제공해 주거나, 고객의 복잡한 질문에 대한 답을 다양한 형태의 사내 문서에서 찾아 출처를 함께 표기해 환각현상을 줄이는 생성형 인지검색 앱들이 모여 있는 마켓이다.', '양사는 올거나이즈의 앱 마켓에 있는 100여가지 AI 앱에 SKT의 AI, 클라우드 등 기술력을 접목해 LLM 기반의 기업용 AI앱을 더욱 고도화할 예정이다. 또한 향후 SKT가 출시 예정인 ‘인텔리전스 플랫폼(Intelligence Platform)’과 연동해 사업을 확대한다는 방침이다.', '올거나이즈 이창수 대표는 “글로벌기업을 대상으로 LLM 인프라부터 앱 마켓까지 핵심 AI 기술을 제공해 온 올거나이즈가 이번 협력을 통해 글로벌 AI 생태계를 리딩할 수 있는 좋은 기회가 될 것”이라며, “SKT의 AI 피라미드 전략과 올거나이즈의 LLM 인프라, 미들웨어, 서비스 경험과 노하우 등 양사 간 시너지를 통해 미국과 일본에서 기업용 업무 자동화 AI 보급을 더욱 가속화할 예정”이라고 밝혔다.', '또한, SKT는 임프리메드와 협력을 통해 AI 헬스케어 사업을 본격화할 계획이다. 양사는 SKT의 Vision AI 등 AI 솔루션에 임프리메드의 바이오 기술을 결합해 암 환자의 임상자료와 유전자 정보 등의 데이터 및 영상 분석 등을 통해 예후를 예측하는 모델을 개발, 고도화한다는 계획이다.', '특히, 임프리메드는 혈액암에 걸린 반려견 대상 약물 분석 서비스를 실현, 미국 내 약 200개 이상의 동물병원에 솔루션을 제공 중이다. SKT는 임프리메드의 영업망을 활용해 자사의 반려동물 AI 헬스케어 서비스인 ‘엑스칼리버’의 미국 진출 교두보가 마련될 것으로 기대하고 있다.', '임프리메드 임성원 대표 겸 공동창업자는 “지난 5년간 반려동물들의 환자 맞춤형 암치료를 위해 개발하고 상용화한 노력들을 SKT가 높게 평가했으며, SKT와 인공지능 기술들을 고도화해 더 많은 환자들의 치료 효과를 증진시킬 수 있게 되기를 기대한다”고 밝혔다.', 'SKT가 주도하는 ‘K-AI 얼라이언스’에 두 회사가 합류하면서 16개사로 확대됐다. 16개사는 올거나이즈, 임프리메드를 비롯해 사피온, 베스핀글로벌, 몰로코, 코난테크놀로지, 스윗, 팬텀AI, 투아트, 씨메스, 마키나락스, 스캐터랩, 프렌들리AI, 가우스랩스, 온마인드, 페르소나AI다.', '[박미영 기자(', 'mypark@boannews.com', ')]']"
"시정, 실시간 AI 여행정보 앱 ‘날갬’ 출시",http://boannews.com/media/view.asp?idx=123475&page=1&kind=3,엄호식 기자,2023년 11월 07일 14:18,"['개인정보 보호 및 다국어 서비스 강화한 실시간 여행정보 앱', 'AI 기반의 안전 모니터링과 현지 카페 정보까지 제공', '[보안뉴스 엄호식 기자] 인공지능(AI)을 활용한 소프트웨어 개발 회사 시정이 AI 여행정보 앱 ‘날갬’을 선보였다. 날갬은 관광지 여행 안전 및 미세 먼지 실시간 정보 서비스 앱으로, 현대 여행객의 요구에 맞는 독창적인 정보 제공 방식과 고도화된 개인정보보호 기술로 주목받고 있다. 날갬의 가장 큰 특징은 AI 카메라를 통해 실시간으로 여행지 상황을 전달한다는 점이다.', '개인정보 보호를 위한 실시간 비식별화 기능으로 사용자 프라이버시를 철저히 보호하면서도 실시간 여행정보와 미세먼지 상태, 기상정보 등을 제공함으로써 현대인의 스마트한 여행 계획에 도움을 준다.', '특히, 모자이크 및 블러 기술을 활용한 실시간 비식별화 처리로 개인정보 보호에 대한 사용자들 우려를 해소시키며, 실시간으로 변화하는 여행 환경에 빠르게 대응할 수 있도록 도와준다.', '뿐만 아니라 시정은 앱을 통해 전국의 유명 카페와 맛집 정보를 제공하고 외국인 관광객을 위한 다국어 서비스와 간편 결제 시스템을 도입해 글로벌 사용자들의 편의를 대폭 높였다.', '채신태 시정 대표는 “혁신적인 기술을 통해 여행객들에게 안전하고 편리한 여행 경험을 제공하고자 한다”며 “앞으로도 사용자 중심 서비스 개발에 매진해 여행업계에 새로운 표준을 제시하겠다”는 포부를 밝혔다.', '날갬 앱은 이미 구글 플레이스토어(Android) 및 앱스토어(IOS)에서 다운로드할 수 있으며, 향후 혼잡도나 화재·연기, 침수 감지 등 인공지능 영상 분석 기술을 활용한 위험정보 모니터링 서비스를 업데이트할 예정이다.', '[엄호식 기자(', 'eomhs@boannews.com', ')]']"
"SK해운, 시놀로지 솔루션으로 효율적인 데이터 백업 및 복원 아키텍처 구축",http://boannews.com/media/view.asp?idx=123480&page=1&kind=3,엄호식 기자,2023년 11월 07일 14:14,"['고가용성과 확장성 겸비한 스토리지 아키텍처 구축', '백업 데이터 스토리지 90% 절감', '[보안뉴스 엄호식 기자] IT 인프라를 단순화·최적화하고 핵심 운영 자료를 보호하기 위해 국내 유명 천연자원 수송 전문 해운사 SK해운이 시놀로지(Synology)의 스토리지 및 백업 솔루션을 채택해 고가용성과 확장성을 겸비한 스토리지 아키텍처를 구축해 백업 데이터 스토리지를 90% 절감했다.', 'SK해운은 기존에 x86기반의 파일서버를 운영했으며, 파일저장소 관리, 백업 및 복원 작업이 복잡해 전담인력이 필요했다. 중요한 데이터는 상용 백업 솔루션을 통해 테이프 백업 장치로 백업했으나 데이터 유실 또는 예기치 않은 장애가 발생했을 때 데이터 복원작업에 많은 시간이 소요됐다. 특히, 영업 클레임 등에 대응해야 할 경우, 방대한 과거 자료의 복원 작업에 많은 시간과 인적 자원 및 비용이 소요됐다. 이를 해결하기 위해 SK해운은 안정적인 데이터 백업과 복원 솔루션을 지속해서 모색했으며, 데이터 백업 및 복원 업무를 단순화, 최적화할 수 있고 고가용성과 확장성을 모두 제공하는 Synology 스토리지와 백업 솔루션을 채택했다.', '곽호동 SK 해운 IT 기획팀 팀장은 “Synology의 솔루션은 SK해운의 두 가지 핵심 요구사항을 모두 충족하면서 완전하고 신뢰할 수 있는 솔루션을 제공했다”고 강조했다.', '이어 “Synology의 스토리지 서버는 내장된 컨트롤러가 이중화로 구성돼 있어서 안정적인 서비스 시간을 확보할 수 있으며 고확장성을 제공하므로 SK 해운의 데이터 성장 수요를 충족할 수 있었다. 또한, Synology의 스냅샷 솔루션은 사용이 편리하고 설정 또한 간단해서, 과거에는 IT 관리자의 도움이 필요했던 데이터 복원 작업을 현재는 구성원이 직접 셀프로 필요한 데이터를 복원할 수 있게 돼 IT 관리자의 부담이 현격히 감소했다”고 말했다.', '또한, SK해운은 Synology의 중앙집중식 데이터 보호 솔루션을 이용해 가상 머신 백업을 수행하고 있으며, 내장된 전역 중복 및 증분 백업 기술을 통해 백업 데이터의 90%를 압축해 백업에 필요한 공간을 대폭 절감했고, 모든 데이터를 원격에 있는 Synology 백업 서버에 백업해 3-2-1 백업 아키텍처를 완성해 다년간의 선박운항 데이터를 가장 안전하게 보호하고 있다.', 'SK해운의 데이터 보호 구축에 대해 셸리 추 Synology 세일즈 매니저는 “Synology는 고확장성과 보안성을 모두 갖춘 솔루션으로 고객의 다양한 데이터 관리 도전을 해결할 수 있어 매우 기쁘며, SK해운이 해운 업무 발전에 더 많이 주력할 수 있도록 최선의 지원을 다할 것”이라고 말했다.', '[엄호식 기자(', 'eomhs@boannews.com', ')]']"
국내 보안기업들 뭉쳐 대한민국 ‘사이버안전센터’ 모델 수출,http://boannews.com/media/view.asp?idx=123474&page=2&kind=3,이소미 기자,2023년 11월 07일 14:09,"['키르기스스탄 국가 통합 사이버안전센터 개소', '한국국제협력단(KOICA)·키르기스스탄 국가안전보장위원회(SCNS) 간 인수인계 협정식 체결', '[보안뉴스 이소미 기자] 국내 정보보호 기업들이 모여 해외에 대한민국 사이버안전센터 모델을 구축하면서 동시에 K-시큐리티 경쟁력을 입증해 냈다. 파이오링크(대표 조영철)는 ICTIS 컨소시엄·이글루 컨소시엄이 참여한 키르기스스탄 국가 통합 사이버안전센터 구축을 완료했다고 밝혔다. 한국국제협력단(KOICA)의 공적개발원조(ODA)로 진행된 본 사업은 대한민국 사이버안전센터를 모델로 설계됐으며, 센터 개소와 함께 한국국제협력단(KOICA)과 키르기스스탄 국가안전보장위원회(SCNS) 간 인수인계 협정식도 체결됐다.', '키르기스스탄 국가 통합 컨트롤타워 역할로서 구축된 사이버안전센터는 국내 보안기업들이 중장기 전략에 따라 △사업 초기 기획 △설계 △관련 법·제도 개선 △사이버안전센터 모델 수립·구축 등 사업 과정 전반에 걸쳐 참여했다.', '파이오링크가 사업자로 참여한 ICTIS 컨소시엄(한국통신인터넷기술, 파이오링크, 시큐어원)은 2021년 해당 프로젝트를 수주해 국가 통합 사이버안전센터 구축 모델 및 발전 전략 등을 수립했다. 그 컨설팅 결과에 따라 이글루컨소시엄(이글루코퍼레이션, 티앤디소프트)이 △엔드포인트 보안 △네트워크 보안 △APT 대응 △SIEM 등 국내 각종 보안장비를 공급하고 보안관제 환경 구축을 마무리하는 역할을 수행했다.', '이 사업은 한국통신인터넷기술, 파이오링크, 시큐어원, 이글루코퍼레이션, 티앤디소프트, 안랩, 엔피코어, 스패로우 등 다수의 정보보안 기업이 뭉쳐 대한민국의 보안장비 및 사이버위협 대응 기술을 수출한 사례다.', '아울러 사이버안전센터 구축에 그치지 않고, △실무자(SCNS/CERT-KG) 초청 연수 △국제 정보보호 표준(ISO 27001) 인증 △수원국 정부기관 대상 보안 세미나 실시 △국내 보안관제 전문 인력의 현지 파견을 통한 운영 지원 등 대한민국의 사이버안전센터 모델이 지속적으로 운영될 수 있도록 지원해 나갈 예정이다.', '[이소미 기자(', 'boan4@boannews.com', ')]']"
"하이젠, 스톤플라이와 한국 공식 총판 계약 체결",http://boannews.com/media/view.asp?idx=123426&page=2&kind=3,김경애 기자,2023년 11월 07일 14:01,"['하이젠-스톤플라이, 한국 공식 총판 계약 체결...보안 스토리지 영업 강화할 것', '스톤플라이, ISCSI Protocol 개발한 스토리지 전문업체...20년 이상 스토리지 제품 개발·판매', '하이젠, 스토리지와 백업 어플라이언스 준비중...데이터 보관 시스템 공급 예정', '[보안뉴스 김경애 기자] 데이터 보안 전문기업 하이젠이 지난 1일 스토리지 전문 기업 스톤플라이와 한국 공식 총판 계약을 체결했다. 이를 바탕으로 보안 스토리지 시장에서의 영업을 본격 강화할 계획이다.', '하이젠은 DB 및 데이터 보안 전문회사로 DB암호화 등 SW뿐만 아니라 스토리지 레벨에서도 보안에 최적화된 솔루션을 제공한다. 이를 통해 기업은 사이버 위협으로부터 데이터를 안전하게 보관하고 업무 연속성 보장이 가능하다.', '하이젠 이호성 대표는 “보안 솔루션 DB암호화 , 테스트데이터 변환, DB접근제어 등과 연계해 보다 안전하게 고객의 서비스와 데이터를 보호할 수 있다”며, “스톤플라이 제품을 하이젠의 핵심 솔루션으로 삼아 한국 시장을 성공적으로 확대해 나간다는 목표를 가지고 있다”고 말했다.', '스톤플라이는 미국에 본사를 둔 스토리지 전문업체로, 2002년 설립해 20년 이상 스토리지 제품을 개발·판매해 왔으며, ISCSI Protocol을 개발하기도 했다.', '스톤플라이 스토리지는 하나의 물리적인 스토리지에서 SAN/NAS/Object Storage/WORM storage/Backup Storage를 동시에 지원한다. 특히, 보안에 특화된 다양한 기능을 제공함으써 빈번한 사이버 위협으로부터 스토리지 데이터를 보호한다.', '스톤플라이 보안 기술은 Air-Gap Fabric, MFA(Multi-Factor Authentication), Volume 삭제 방지, WROM(Write Once Read Many), Online Virus Detection/Scan 기능, Object/File Level Lockdown 등 고객의 환경과 요구사항에 맞게 다양한 보안정책을 구현할 수 있도록 지원한다.', '특히, Air-Gap Fabric은 스토리지 내 가상으로 분리된 2개의 스토리지 엔진을 통해 원본과 복제본을 분리하거나 물리적인 스토리지 노드 간의 분리를 통해 고객 데이터에 대한 외부로부터의 접근을 원천적으로 방어함으로써 다양한 보안사고 시나리오에 대비할 수 있다.', '스톤플라이코리아 최성재 지사장은 “15년 이상 보안 분야에서 활동해온 전문업체인 하이젠과의 협업을 통해 전통적인 스토리지 시장은 물론 스톤플라이 스토리지 보안 기술이 적용될 수 있는 기업 서비스에서의 보안 솔루션을 다각도로 제공함으로써 시장을 확대해 나갈 것”이라고 밝혔다.', '하이젠은 스톤플라이 스토리지 및 다양한 백업 솔루션과 연계될 수 있는 백업 어플라이언스를 준비중이며, 이를 통해 사이버 공격으로부터 백업 서버 망실 및 백업 데이터 삭제를 방지하고, 위변조로부터 고객의 데이터를 안전하게 보관할 수 있는 시스템을 공급할 예정이다.', '[김경애 기자(', 'boan3@boannews.com', ')]']"
"이글루코퍼레이션, 에이아이스페라와 CTI 노하우 결합 위한 MOU 체결",http://boannews.com/media/view.asp?idx=123466&page=2&kind=3,김영명 기자,2023년 11월 07일 13:17,"['신규 CTI 시장 창출...양사 고유의 CTI 노하우 결합해 정보보안 서비스 사업 활성화', '이글루코퍼레이션, 협력 통해 새로운 사업 기회 발굴 및 CTI 시장 확장', '[보안뉴스 김영명 기자] 시큐리티·인텔리전스 기업 이글루코퍼레이션(대표 이득춘)은 CTI 전문기업 에이아이스페라(AI SPERA, 대표 강병탁)와 11월 7일 ‘위협 인텔리전스 기반 정보보안 서비스에 대한 상호 전략적 제휴(MOU)’를 체결했다고 밝혔다.', '이글루코퍼레이션은 다년간의 선진 보안 데이터 분석 경험을 토대로, 선별된 글로벌 위협 정보를 제공하는 ‘이글루 씨티아이(IGLOO CTI)’, 인공지능(AI) 모델의 예측 결과·근거를 자연어 형태로 제시하는 AI 탐지모델 ‘에어(AiR)’ 등의 서비스를 제공해 왔다. 에이아이스페라는 전 세계 IP 주소 정보를 수집 및 분석한 사이버 위협 인텔리전스 검색엔진 ‘크리미널 IP(Criminal IP)’와 CTI 정보를 기반으로 한 공격표면관리 ‘Criminal IP ASM’, 부정탐지 시스템 ‘Criminal IP FDS’를 국내외 고객들에 공급하며 기술 경쟁력을 인정받아 왔다.', '양사는 이번 MOU 체결을 시작으로 ‘위협 인텔리전스 기반 정보보안 서비스 시장 확대’라는 공동의 목표 달성을 위한 협업에 나서기로 했다. 새로운 비즈니스 모델 도출 및 공동 사업 개발을 위해 양사가 보유한 고유의 사업 역량, 기술 및 서비스를 토대로 유기적인 협력 체계를 구축한다. 또한, 양사의 기술력과 노하우를 알리기 위한 공동 마케팅 활동을 전개해 신규 고객 확보에도 속도를 붙인다.', '이글루코퍼레이션 이득춘 대표는 “고도화된 사이버 위협 증가에 따라 위협 인텔리전스 확보의 중요성이 높아지면서, CTI는 조직 보안성 강화를 위한 필수 요소로 자리 잡았다”고 말했다. 이어 “CTI 선도기업인 에이아이스페라와의 협력으로 새로운 CTI 사업 기회를 발굴할 것”이라며 “보다 높은 품질의 CTI 서비스를 통해 보안 분석·관제 등의 보안 역량을 강화할 것”이라고 밝혔다.', '에이아이스페라 강병탁 대표는 “사이버 위협에 대해 사전대응의 중요성이 증가함에 따라 CTI 데이터를 기반으로 한 보안 대책의 수요가 커지고 있다”며 “숙련된 보안 데이터 분석 기술을 보유한 이글루코퍼레이션과의 협업을 통해 시장 변화를 선도함은 물론 질적으로 더욱 강화된 CTI 솔루션을 제공할 수 있을 것”이라고 밝혔다.', '[김영명 기자(', 'boan@boannews.com', ')]']"
"KISA, 제13회 소프트웨어 개발보안 컨퍼런스 개최",http://boannews.com/media/view.asp?idx=123461&page=2&kind=2,이소미 기자,2023년 11월 07일 13:15,"['‘안전한 SW개발보안, 도약하는 디지털 대한민국!’ 주제로 열려', '[보안뉴스 이소미 기자] 한국인터넷진흥원(KISA, 원장 이원태), 행정안전부(장관 이상민), 과학기술정보통신부(장관 이종호)는 ‘제13회 소프트웨어 개발보안 컨퍼런스’를 양재 엘타워에서 오는 14일 개최한다고 밝혔다.', '올해 13회째를 맞이하는 이번 소프트웨어 개발보안 컨퍼런스에서는 ‘안전한 SW개발보안, 도약하는 디지털 대한민국’이라는 주제로 소프트웨어 개발보안 제도의 성과를 공유하고 발전 방향에 대한 다양한 논의들이 진행될 예정이다.', '최근 소프트웨어의 공급망 취약점을 이용한 사이버 공격이 발생하면서, 소프트웨어의 기획·설계·운영·유지보수·폐기까지의 소프트웨어 생명주기 과정에서 ‘보안’은 더욱 중요해졌다. 소프트웨어 개발보안은 소프트웨어를 개발하거나 변경 시 소프트웨어 보안 취약점을 최소화하는 일련의 보안 활동으로 사전에 침해사고를 예방할 수 있다는 점에서 소프트웨어 개발·변경 과정에서 필수 불가결한 조건이 됐다.', '이에 정부와 KISA는 소프트웨어 개발보안의 중요성을 인식하고 관련 제도와 지원사업을 수행하고 있다. 구체적으로, 공공분야에서는 2009년도에 보안약점 기준 연구를 시작으로 2012년도부터 행정·공공기관의 정보시스템 구축 시 의무를 적용하는 소프트웨어 개발보안 제도가 운영되고 있고, 민간분야에서는 2020년 소프트웨어 진흥법 개정을 시작으로 SW개발보안 도입에 어려움을 겪는 중소·영세기업에 소프트웨어 보안 약점 진단 및 조치 컨설팅을 지원하는 사업이 진행되고 있다.', '이번 컨퍼런스는 소프트웨어 개발·운영 등 모든 단계에서 보안 테스트를 통합하는 관행인 ‘DevSecOps를 위한 CI/CD 파이프라인 AI’(아마존 웹서비스코리아 신은수 기술총괄)를 주제로 기조강연을 시작한다.', '이어지는 3개 세션인 △산업 동향 △분석 연구 △제도 정책에서는 각각 △소프트웨어 개발보안 관련 보안약점 진단도구 신기술 동향 △시큐어 코딩에 대한 보안의 효과성 △제도 및 운영 현황 등 세션별 연사 발표가 진행될 예정이다.', '소프트웨어 개발보안에 관심이 있는 누구나 이번 컨퍼런스에 참석 가능하며, 컨퍼런스 누리집 홈페이지를 통해 오는 13일 18시까지 사전 등록할 수 있다. 또한, 유튜브(‘소개딩TV’ 채널)를 통해 무료 시청도 가능하다.', 'KISA 최광희 사이버침해대응본부장은 “디지털플랫폼 정부시대에 보안을 반영한 소프트웨어는 디지털 안정성 확보를 위해서 빼놓을 수 없는 중요한 부분”이라며, 이번 컨퍼런스에 소프트웨어 개발보안과 관련해 “행정·공공기관, 산업계 등과 긴밀한 협력관계를 구축할 수 있도록 관계자분들의 많은 관심과 참여를 바란다”고 말했다. 이어 “이번 컨퍼런스를 통해 소프트웨어 개발보안의 중요성이 널리 알려지길 희망한다”고 덧붙였다.', '[이소미 기자(', 'boan4@boannews.com', ')]']"
"정보 탈취 멀웨어 주피터, 새 버전 돌아다닌다",http://boannews.com/media/view.asp?idx=123469&page=2&kind=1,문가용 기자,2023년 11월 07일 12:35,"['업그레이드 된 정보 탈취 멀웨어 주피터, 해적판 소프트웨어 통해 퍼져', '요약', ': 보안 외신 해커뉴스에 의하면 주피터(Jupyter)라는 악명 높은 정보 탈취형 멀웨어의 새로운 버전이 등장했다고 한다. 이전 버전에 비해 스텔스 특성이 강화됐고, 따라서 피해자 몰래 공격을 지속시킬 수 있는 ‘지속성’ 역시 향상됐다고 한다. 최근 공격자들은 주피터 새 버전을 유포하기 위해 파워셸 명령과 비밀 키 시그니처들을 활용한다고 한다. 이 때문에 주피터 파일들이 정식으로 서명된 파일로 보이며, 설치된 이후에는 피해자의 시스템으로부터 각종 정보를 빼돌린다. 아직 피해 규모는 정확히 집계되지 않고 있다.', '배경', ': 주피터는 폴라저트(Polazert), 솔라마커(SolarMarker), 옐로콕커투(Yellow Cockatoo)라는 이름으로도 알려져 있다. 주로 검색엔진의 검색 결과(특히, 인기 높은 소프트웨어에 대한 검색 결과)를 오염시키는 방식으로 유포되며, 멀버타이징 전략도 자주 사용된다. 해적판 소프트웨어를 찾아 설치하려다가 주피터에 감염되는 경우가 많다.', '말말말', ': “소프트웨어 해적판에 멀웨어를 설치하여 배포하는 무리들도 많고, 심지어 해적판이라고 광고해 놓고 실제로는 멀웨어를 다운로드 받게 하는 경우가 계속해서 증가하고 있습니다. 저작권을 존중하는 차원에서만이 아니라 안전을 위해서도 정식 소프트웨어를 사용하는 게 좋습니다.” -VM웨어 카본블랙(VMware Carbon Black)-', '[국제부 문가용 기자(', 'globoan@boannews.com', ')]']"
"리눅스 환경에서 발견된 루니튜너블즈 취약점, 클라우드 공격에 악용돼",http://boannews.com/media/view.asp?idx=123468&page=2&kind=1,문가용 기자,2023년 11월 07일 12:34,"['최근 glibc에서 발견된 취약점, 클라우드에 침투해 암호화폐 채굴하는 공격자들이 악용', '요약', ': 보안 외신 시큐리티위크에 의하면 최근 GNU C 라이브러리(glibc)에서 발견된 취약점인 루니튜너블즈(Looney Tunables)에 대한 익스플로잇 공격이 실제로 시작되고 있다고 한다. 현재 공격을 실시하고 있는 건 킨싱(Kinsing)이라는 멀웨어를 주력으로 사용하는 해킹 그룹으로, 최종 목적은 암호화폐 채굴 멀웨어를 피해자의 클라우드에 심어 강력한 컴퓨팅 파워를 바탕으로 자신의 수익을 높이는 것이라고 한다.', '배경', ': 루니튜너블즈는 CVE-2023-4911로, 주요 리눅스 배포판들에서 일제히 발견되고 있다. 로컬의 공격자가 이 취약점을 익스플로잇 할 경우 임의의 코드를 실행할 수 있게 된다고 한다. 공격자들은 이 취약점을 익스플로잇 해서 피해자의 클라우드로 침투하고, 거기에서 악성 행위를 실시한다.', '말말말', ': “최근 들어 킨싱 공격자들은 ISP 정보들도 탈취하는 모습을 보이고 있습니다. 여태까지는 채굴에만 혈안이 된 그룹이었는데, 왜 갑자기 이런 정보를 수집하는지 알 수가 없습니다. 다음 공격을 계획하는 것으로 추정됩니다.” -아쿠아시큐리티(Aqua Security)-', '[국제부 문가용 기자(', 'globoan@boannews.com', ')]']"
"이글루 컨소시엄·ICTIS 컨소시엄, 키르기스스탄 통합 사이버안전센터 구축",http://boannews.com/media/view.asp?idx=123465&page=2&kind=3,김영명 기자,2023년 11월 07일 11:10,"['국내 보안기업 뭉쳐 대한민국 사이버안전센터 모델 수출한 첫 사례', '이글루코퍼레이션, 구축 통해 축적한 경험·노하우 토대로 국내 보안 모델 수출 확대', '[보안뉴스 김영명 기자] 시큐리티·인텔리전스 기업 이글루코퍼레이션(대표 이득춘)은 이글루 컨소시엄과 ICTIS 컨소시엄이 참여해 키르기스스탄 국가 통합 사이버안전센터를 구축했다. 국내 보안기업들이 힘을 모아 키르기스스탄 사이버안전센터 구축을 완료하며 글로벌 보안 경쟁력을 입증했다. 이에 따라 한국국제협력단(KOICA)과 키르기스스탄 국가안전보장위원회(SCNS) 간 인수인계를 위한 협정식이 체결됐다고 밝혔다.', '이번 사업은 한국국제협력단이 협력국을 대상으로 추진하는 공적개발원조(ODA) 사업의 일환으로, 대한민국 사이버안전센터를 모델로 삼아 설계된 국가사이버안전센터 구축을 통해 키르기스스탄의 사이버보안 체계를 강화하는 데 목적이 있다. 중장기 전략에 따라 사업 초기 기획부터 설계, 관련 법제도 개선, 사이버안전센터 모델 수립 및 구축 등 사업 과정 전반에 걸쳐 국내 보안기업이 참여했다.', '파이오링크가 사업자로 참여한 ICTIS 컨소시엄은 2021년 해당 프로젝트를 수주했으며, 국가 통합 사이버안전센터 구축 모델 및 발전 전략을 수립했다. 이글루코퍼레이션이 주 사업자로 참여한 이글루 컨소시엄은 ICTIS 컨소시엄의 컨설팅 결과를 토대로 엔드포인트 보안·네트워크 보안·지능형 지속위협(APT) 대응·보안정보 및 이벤트 관리(SIEM) 등 각종 보안장비를 공급하고 보안관제 환경 구축을 마무리하는 역할을 맡았다.', '이번 사업은 이글루코퍼레이션과 파이오링크 등 국내 여러 정보보안 기업이 모여 우리나라의 보안장비 및 사이버 위협 대응 기술을 수출한 첫 사례다. 참여 기업들은 대한민국의 보안·IT 역량이 집약된 사이버안전센터의 안정적인 운영을 위해, 실무자(SCNS/CERT-KG) 초청 연수, 국제 정보보호 표준(ISO 27001) 인증, 수원국 정부기관 대상 보안 역량 강화 교육 및 세미나 실시 등의 후속 지원을 이어갈 계획이다.', '이글루코퍼레이션 이득춘 대표는 “국내 주요 보안기업들의 긴밀한 협업을 통해, 대한민국 사이버안전센터를 모델로 삼은 국가 사이버안전센터 모델이 구축돼 큰 자부심을 느끼고 있다”며 “이번 사업 진행을 통해 축적한 노하우를 토대로 국내 보안 모델을 해외로 수출하는 데 더욱 속도를 붙이겠다”고 밝혔다.', '[김영명 기자(', 'boan@boannews.com', ')]']"
"과기정통부, 글로벌 기술 패권 대응 이정표 ‘디지털 기술 표준화 전략’ 발표",http://boannews.com/media/view.asp?idx=123462&page=2&kind=2,박은주 기자,2023년 11월 07일 11:08,"['AI, 데이터, 6G, 차세대보안, 양자, 디지털 콘텐츠 등 12대 디지털 혁신 기술의 국제표준 선점 방안을 총망라한 ‘디지털 기술 표준화 전략’ 발표', '[보안뉴스 박은주 기자] 과학기술정보통신부(장관 이종호, 이하 과기정통부)는 “표준을 중심으로 정부 정책, R&D, 산업·서비스를 연계해 미래 기술 주도권 확보를 위한 종합 추진 방향을 담은 ‘디지털 기술 표준화 전략(이하 표준화 전략)’을 수립했다”고 밝혔다.', '최근 국가 간 기술 패권 경쟁의 주요 승부처로 표준 선점이 급부상하고 있다. 미국·중국·유럽 등 주요국은 국가별 표준 전략 정책을 수립하고 표준화 지원을 강화하는 등 표준을 국제 경쟁력 강화를 위한 전략 자원으로 활용하고 있다.', '우리나라도 한-미 차세대 핵심·신흥 기술 대화(2023년 4월 신설)와 같은 협의체를 통해 동맹·우방국과 국제표준화를 포함한 협력 강화에 나섰다. 또한, 디지털 심화 시대의 보편적 디지털 질서 규범인 디지털 권리장전(2023년 9월)을 발표하는 등 국제사회의 디지털 경제질서 구축에 적극적으로 참여하고 있다.', '이에 2023년 표준화 전략은 우리나라가 국제표준화 협력의 중심축 역할을 할 수 있도록 핵심 기술 분야에 대한 표준 연구개발과 확보된 기술의 국제표준화 추진 전략을 제시했다.', '핵심 기술 분야는 경제·안보적 측면에서 표준 선점이 중요하다. 우리나라가 선도할 수 있는 기술은 △국가 기술 육성 정책과 연계 △표준 활성도 △전문가 평가 등 국내외 ICT 표준 현황 분석을 토대로 선정된 이동통신(6G) △인공지능(AI) △양자정보통신 △차세대보안 등 12개 기술 분야이다.', '각 핵심 기술 분야는 추진 목적과 우리나라의 표준화 수준에 따라 디지털 혁신 기술과 디지털 기반 기술로 유형화하고 맞춤형 전략을 수립했다.', '구체적으로, 디지털 혁신 기술의 표준화 추진을 위해 표준구조모델을 도입해 선제 대응이 필요한 75개의 표준화 대상 기술을 선정했다. 기술 성숙도에 따라 △R&D 추진 △R&D-표준R&D 동시 추진 △표준 R&D 추진 기술로 분류하여 정부·민간의 표준 연구개발 방향을 제시하는 로드맵을 수립했다.', '디지털 기반 기술에서는 시장·기술·표준의 SWOT 분석을 통해 R&D로 확보한 기술의 국제표준 선점을 위한 81개 중점 표준화 항목을 선정했다. 국제표준화 진행 단계에 따라 △차세대 공략 △선도경쟁 공략 △추격/협력 공략 △지속/확산 공략 △전략적 수용으로 분류하여 국제표준화 전략을 제시하는 전략맵을 수립했다.', '이와 더불어, 12대 핵심 기술을 활용하는 국내·국제 서비스 표준을 분석해 12대 디지털 융합 서비스 분야를 도출하였고, 디지털 융합 서비스 표준 활용 방안을 제시하는 활용맵을 추가로 개발하였다.', '과기정통부와 한국정보통신기술협회(회장 손승현, 이하 TTA)는 지난 3월부터 12개 핵심 기술 분야별 산·학·연 표준화 및 기술개발 전문가 189명이 참여하는 기술표준 분과위원회를 구성하고, 총 92회에 걸친 회의를 통해 표준화 전략을 마련했다.', '표준화 전략은 2024년도 ICT 표준개발 및 연구개발 과제 기획을 위한 기반 자료를 제공함으로써 기술개발과 표준화 간 연계를 강화에 나선다. ‘표준화 기획 – 기술개발 및 표준개발 과제 반영 – 표준 성과 검증’에 이르는 표준화 전주기 추적 관리를 통한 선순환 체계 구축에도 활용할 계획이다.', '과기정통부 전영수 정보통신산업정책관은 “표준은 세계 시장 선점의 전략적 수단이자 기술개발 결과물의 사업화 성패를 가르는 핵심 동인”이라고 강조하면서, “급변하는 국제표준 선점 경쟁에서 우리가 선택·집중해야 할 표준화 대상 발굴, 기술개발과 연계, 표준특허 확보, 글로벌 협력 방안 등 치밀한 계획을 설계하고, 이에 따른 전략적 투자와 국제표준화 무대에서 선제적 활동이 무엇보다 중요하다”고 밝혔다.', '이번 보고서는 11월 7일부터 TTA 누리집을 통해 공개될 예정이다.', '[박은주 기자(', 'boan5@boannews.com', ')]']"
"스틸리언, ‘앱수트 VPN블락’ 출시... “VPN 악용 막는다”",http://boannews.com/media/view.asp?idx=123463&page=2&kind=3,박은주 기자,2023년 11월 07일 11:05,"['VPN 사용 여부 확인 및 차단 기능 제공, 악성 해외 IP 및 가짜 GPS 탐지 기능 지원', '[보안뉴스 박은주 기자] 사이버 보안 기업 스틸리언(대표 박찬암)이 VPN 탐지 솔루션 ‘앱수트 VPN블락(AppSuit VPNBlock)’을 출시했다고 7일 밝혔다.', '앱수트 VPN블락은 VPN 실행 여부를 확인하고 차단하는 기능을 제공하는 솔루션으로, VPN을 사용하는 국내외 IP 및 가짜 GPS 탐지 기능을 지원한다. 이를 통해, VPN을 이용한 우회 접속을 막을 수 있다.', 'VPN을 이용하면 해외에 있는 사용자가 마치 한국에 있는 것처럼 IP 변조가 가능하다. 국내 사용자 또한 해외에 있는 것처럼 IP를 바꿀 수 있다. VPN은 보안상의 목적으로 활용되지만 동시에 범죄에 악용될 수 있다는 단점도 존재한다. 실제로 사이버 사기, 금융범죄, 개인정보 침해 등 다양한 범죄가 VPN을 통해 이뤄지고 있다.', '앱수트 VPN블락을 통해 VPN 탐지뿐만 아니라 가짜 GPS 정보도 탐지 및 대응할 수 있다. 또한, AR(증강현실) 기술을 활용하는 위치 기반 게임에서 부당한 이득을 취하는 것을 방지할 수 있다. 다른 예로 택시 예약, 배달 앱과 같은 서비스에서 가짜 위치 정보를 제출해 발생하는 피해를 예방한다.', '앱수트 VPN블락은 Android 및 iOS를 모두 지원하며, 서비스 중인 앱에 간편하게 적용할 수 있다. 스틸리언은 VPN 실행 탐지 솔루션 이외에도 모바일 앱 보안 통합 솔루션 앱수트 프리미엄(AppSuit Premium)을 포함하여 △가상키패드 보안 솔루션 앱수트 키패드(AppSuit Keypad) △모바일 원격제어 탐지 솔루션 앱수트 리모트 블락(AppSuit Remote Block), △화면 복제 방지 솔루션 앱수트 안티캡쳐(AppSuit Anti-Capture) 등 보안 기능에 따라 솔루션을 자체 개발하여 제공한다.', '스틸리언은 고객 모바일 보안을 위한 다양한 제품 라인업을 ‘앱수트 시리즈’로 통합 관리하고 있으며, 고객 니즈에 따라 새로운 제품을 지속 개발하고 있다.', '스틸리언 김태민 앱수트팀 팀장은 “최근 고객의 니즈를 충족시키는 기능별 보안 솔루션 출시를 통해 모바일 앱 보안 시장 커버리지를 확대하고 있다”며, “앞으로도 고객의 안전한 모바일 환경을 위해 연구개발에 최선을 다할 것”이라고 말했다.', '[박은주 기자(', 'boan5@boannews.com', ')]']"
"안랩, 디자인 간판 전문 기업 ‘아트시스’에 클라우드 관리 서비스 ‘안랩 클라우드’ 제공",http://boannews.com/media/view.asp?idx=123464&page=2&kind=3,박은주 기자,2023년 11월 07일 10:56,"['AWS 기반의 업무 자동화 시스템 운영 고객에게 클라우드 아키텍처 컨설팅 및 구축', '안정적이고 효율적인 데브옵스(DevOps) 환경 구성 및 운영 서비스 제공 등 진행', '[보안뉴스 박은주 기자] 안랩(대표 강석균)이 디자인 간판 전문 기업 ‘아트시스(대표 김기범)’에 보안 특화 클라우드 관리 서비스 ‘안랩 클라우드(AhnLab Cloud)’를 제공했다.', '아트시스는 AWS(Amazon Web Services, 아마존웹서비스)를 기반으로 생산공정부터 고객 응대까지 다양한 업무에 대한 자동화 시스템을 구축했으며, 이를 바탕으로 온라인 쇼핑몰을 운영하고 있다. 안랩은 개인정보를 취급하는 쇼핑몰 운영의 특성 등을 고려해 ‘아트시스’에 △보안성을 강화한 클라우드 아키텍처 컨설팅 및 구축 △안정적이고 효율적인 데브옵스(DevOps) 환경 구성 및 운영 서비스 등을 제공했다.', '이번 사업에서 안랩은 컨설팅을 기반으로 네트워크 보안 강화를 위해 AWS가 제공하는 가상 네트워크를 구성하고, 네트워크 보안 그룹을 설정해 정책에 따라 트래픽을 제어할 수 있도록 했다. 또, AWS의 암호화 키 관리 솔루션으로 데이터 암호화 및 보호 체계를 제공하는 등 데이터 보안성 강화도 함께 지원했다.', '또한, 데브옵스(DevOps) 환경의 안정성과 효율성 확보를 위한 구축 및 운영 서비스를 제공하는 한편, AWS가 제공하는 ‘CodeCommit’ 등 다양한 개발 서비스를 활용해 개발 전후 과정 자동화 및 배포 시 서비스 중단을 최소화할 수 있는 환경을 구축했다. 또한, 급격한 트래픽 증가로 인한 서비스 마비를 방지하기 위해 상시 모니터링 서비스도 함께 지원했다.', '아트시스 김기범 대표는 “‘안랩 클라우드’ 도입으로 온라인 쇼핑몰 운영에 최적화된 클라우드 환경을 조성할 수 있었다”며, “특히 클라우드 환경의 보안성을 강화해 많은 고객에게 안심할 수 있는 구매 경험을 제공할 수 있게 됐다”고 밝혔다.', '안랩 클라우드사업본부 최광호 상무는 “‘안랩 클라우드’는 클라우드 운영부터 보안까지 고객의 다양한 고민을 해결할 수 있는 클라우드 관리 서비스”라며, “앞으로도 고객 클라우드 환경과 산업 특수성을 고려한 서비스로 고객이 효율적이고 안전하게 클라우드를 활용할 수 있도록 지원하겠다”고 말했다.', '[박은주 기자(', 'boan5@boannews.com', ')]']"
"이지서티, 개인정보보호 강화기술 연구개발 프로그램 V&V 시험 통과",http://boannews.com/media/view.asp?idx=123460&page=2&kind=3,김영명 기자,2023년 11월 07일 10:34,"['‘반정형 트랜잭션 데이터 익명처리’ 및 ‘실시간 수집 정형 데이터 가명처리’ 프로그램 등 2개', '데이터의 각 구성원을 상위 분류로 치환...데이터 손실 최소화하는 알고리즘 작성해 가능', '[보안뉴스 김영명 기자] 이지서티(대표 심기창)는 개인정보보호 강화기술 연구개발 사업 수행의 성과로 ‘반정형 트랜잭션 데이터 익명처리 프로그램’, ‘실시간 수집 정형 데이터 가명처리 프로그램’ 개발에 성공하고, 소프트웨어 의뢰시험(Verification & Validation) 기관인 한국기계전기전자시험연구원(KTC)의 인정을 받았다고 밝혔다.', '소프트웨어 의뢰시험(Verification & Validation)이란 소프트웨어의 기능, 성능, 보안성, 기능 안전성 등에 대해 제3자 시험기관이 시험을 수행하고 평가한 뒤 공인시험성적서를 발행하는 것이다. 이는 주로 소프트웨어의 자체 품질의 우수성을 증빙하거나 연구과제의 성과 지표의 증빙으로 활용되고 있다.', '데이터 3법 시행으로 데이터 활용의 수요가 증가하면서 현재까지는 정형 데이터 위주로 가명·익명 처리 기술개발이 진행됐다. 그러나 비정형 트랜잭션 데이터나 실시간 수집 데이터를 가명·익명 처리하기 위한 기술개발은 국외에서는 이미 유럽연합(EU)의 지원으로 상용화에 성공해 오픈소스를 제공한 사례가 있으나, 국내의 경우 기초연구 수준에 머물러 있어 기술개발이 시급한 현실이다.', '비정형 트랜잭션 데이터는 ‘개인이 가진 질병, 진료 내용 또는 개인의 물품 구매 목록 등 하나의 데이터를 구성하는 구성원의 수가 각기 다른 데이터’를 의미하고, 실시간 수집 데이터는 ‘위치정보, 생체신호 정보 등 실시간으로 변화하는 데이터’를 의미한다.', '두 데이터 모두 데이터의 형태나 수를 예측할 수 없어 기존의 가명·익명 처리 기술을 적용하기에는 한계가 있다. 이지서티가 개인정보보호위원회와 한국인터넷진흥원이 진행한 ‘반정형 트랜잭션 및 실시간 수집 정형 데이터에서의 개인정보 가명, 익명처리 기술 개발’이라는 과제명의 연구과제 수행을 통해 데이터의 각 구성원을 상위 분류로 치환하는 일반화 기법을 적용하고, K-익명성 및 정보손실 비교를 통해 데이터의 손실을 최소화하는 알고리즘을 작성해 소프트웨어 개발에 성공했다.', '이지서티 심기창 대표는 “개인정보보호위원회와 한국인터넷진흥원의 지원으로 이지서티가 우수한 성능의 소프트웨어 개발에 성공할 수 있었다”며, “여기에서 멈추지 않고 상용화까지도 성공해 데이터의 가명·익명 처리 분야를 선도하는 기업으로 자리매김하겠다”고 밝혔다.', '[김영명 기자(', 'boan@boannews.com', ')]']"
한-미 뉴스페이스 협력의 문을 열다,http://boannews.com/media/view.asp?idx=123450&page=2&kind=2,박미영 기자,2023년 11월 07일 09:30,"['과기정통부, 미 우주 관계 부처들과 한-미 우주산업 심포지엄 개최', '[보안뉴스 박미영 기자] 과학기술정보통신부(이하 과기정통부)는 미 상무부와 함께 오는 8일 메이필드 호텔 서울에서 ‘한-미 우주산업 심포지엄’(ROK-U.S. Space Industry Symposium)을 개최한다고 밝혔다.', '한-미 우주산업 심포지엄은 2022년 12월 ‘제3차 한-미 민간우주대화’와 2023년 4월 한-미 정상회담에서 합의한 우주산업 협력 사항에 대한 후속 조치이자 한-미 동맹 70주년을 기념하는 행사로, 양국의 우주기업 간 교류를 촉진하고 협력 방안을 논의하기 위해 ‘코리아 스페이스 포럼 2023’의 1일차 행사로 개최된다.', '이번 심포지엄에는 미 백악관 국가우주위원회 시라그 파리크 사무총장, 상무부 마이클 씨 모건 환경관측 및 예측 차관보를 비롯해 국무부, 국방부, 교통부, NASA 등 미국 우주 분야 주요 부처가 참석한다. 한국 측에서는 과기정통부 이종호 장관과 국가우주위원회, 우주개발진흥실무위원회 위원, 항우연·천문연 관계자 등이 참석한다.', '심포지엄은 한-미 양국의 우주정책 소개로 시작한다. 과기정통부는 한국의 우주산업 활성화 정책과 함께 우주항공청 신설을 위한 정부의 계획을 설명하고, 미 상무부·교통부·국방부에서는 우주상업·우주탐사 등 우주 분야에 관한 미국의 최신 정책과 계획을 소개할 예정이다.', '이후에는 양국 우주기업들이 참여한 주제 발표 및 패널 토론 세션이 이어진다. 동 세션에서는 ①양국 우주 프로그램에 대한 한-미 우주기업들의 상호 참여 ②산업 파트너십 강화를 위한 정부 지원 ③우주 분야 공급망 탄력성(Supply Chain Resilience) 강화 ④지구 저궤도의 상업적 활용과 달 탐사 협력 등 다양한 의제를 다룬다.', '심포지엄에서는 다채로운 부대 행사도 함께 진행된다. 양국 우주기업들의 최신 기술과 성과물을 확인할 수 있는 전시 공간을 준비 중이며, 참여기업들이 언론을 대상으로 자사의 비전과 성과를 발표하고 향후 한-미 기업 간 협력 계획 등을 홍보하는 기업별 기자간담회 시간도 마련된다. 공식 행사가 종료된 후에는 행사 참석자와 한-미 우주 분야 관계 부처·기관 등이 폭넓게 참여하는 환영 만찬도 이어진다.', '양국은 이번 심포지엄의 논의 결과를 종합해 공동성명(Joint Statement)을 채택할 예정이다. 이를 통해 한-미 우주기업들의 협력을 통한 우주 분야 성장동력 확보와 신시장 개척에 대한 공감대를 형성할 전망이다. 또한 이번 심포지엄에서 양국 국가우주위원회 간의 만남이 이뤄진 것을 계기로, 양국 간 우주협력체계를 강화하고 고위급 소통이 원활해질 것으로 기대된다.', '한편, ‘코리아 스페이스 포럼 2023’ 2일차(11.9.)에는 ‘한-신흥우주국 심포지엄’이 개최된다. 동 행사에서는 앤써니 피 디코스타 알라바마대 교수가 ‘새로운 패러다임: 우주경제, 우주산업, 그리고 새로운 우주’이라는 주제로 기조연설을 진행한다. 또한 태국, 말레이시아, 멕시코 등 우주 신흥국에서 참석해 각국의 우주 현황과 계획을 소개하고 한국과의 우주 협력 방안을 논의할 예정이다.', '과기정통부 이종호 장관은 “이번 심포지엄은 우주 분야에서의 한-미 협력체계를 강화하고 미국과의 협력을 통해 우리나라 우주기업의 성장을 도모하기 위한 중대한 계기”라며, “한-미 우주산업 심포지엄을 바탕으로, 향후 설립될 우주항공청과 양국의 국가우주위원회가 협력해 한-미 기업들이 글로벌 우주산업 생태계를 주도해 나갈 수 있도록 최선을 다하겠다”고 밝혔다.', '[박미영 기자(', 'mypark@boannews.com', ')]']"
"ETRI, 사업화 유망 기술 먼저 만난다",http://boannews.com/media/view.asp?idx=123451&page=2&kind=2,박미영 기자,2023년 11월 07일 09:29,"['‘이-테크 프리뷰’ 발간, 산업 혁신 도모 위해 기술 사전공개', '[보안뉴스 박미영 기자] 연구개발(R&D) 성과의 확산으로 산업 혁신을 도모하기 위해 연구진이 개발 중인 최신 기술이 대거 공개된다. 한국전자통신연구원(ETRI)은 연구진이 올해 말부터 향후 1~2년 이내에 개발을 완료할 기술에 관한 정보를 담은 ‘이-테크 프리뷰(e-Tech Preview)’를 온·오프라인으로 펴냈다고 밝혔다.', '2023년도 이-테크 프리뷰는 △반도체·디스플레이 △인공지능 △양자 △차세대통신 △첨단 모빌리티 △첨단로봇·제조 등 8개 분야로 나눠 제공한다. 아울러 최근 가장 인기 있는 분야인 ‘인공지능 신경망처리장치(NPU) 기술’과 ‘메타소재 기술’ 등 향후 기술사업화가 유망한 22개의 최신 기술정보가 담겨 있다.', '이-테크 프리뷰에는 해당 기술의 개념뿐만 아니라 기술의 우수성·차별성, 비즈니스 방향성, 응용 분야, 시장 정보 등이 함께 안내돼 있어 기술이전 고객이나 사업화를 추진하고자 하는 고객에게 큰 도움이 될 것으로 보인다. 또한, 기업 고객들에게는 비즈니스 기회를 포착하고 새로운 사업 기획과 연구진과의 협력 계기를 마련하는 데도 매우 유용하게 활용할 수 있다.', '이-테크 프리뷰는 ETRI가 성과확산체계의 본질적인 문화와 구조를 대전환하기 위해 올 상반기에 도입한 ‘이-스탬프(e-STAMP)’의 일환으로 발간됐다. 이-스탬프는 ETRI가 산업 혁신을 주도하는 연구개발과 사업화 성과로 국민의 기대에 부응하기 위해 연구개발-사업화-기업 성장을 하나로 통합한 새로운 성과확산체계이다.', '연구 수행 단계에서부터 성과확산전략을 수립하고 실행함으로써 산업계 눈높이에 맞는 연구 성과의 창출과 산업계 확산을 촉진하고 기업의 상용화를 밀착 지원해 빠른 사업화 성과 창출을 도모할 계획이다.', 'ETRI 신정혁 사업화본부장은 “이번 공개된 연구 성과가 산업계에서 폭넓게 활용되고 기업의 성장을 이끄는 실질적인 사업화 성과가 창출되도록 적극 지원하겠다”고 말했다.', 'ETRI 사업화본부는 국내 최고의 기술사업화전담조직(TLO)으로서 R&D로부터 IP 창출 및 관리 확산, 기술마케팅, 기술이전, 기술창업, 사후 지원에 이르기까지 기술과 시장을 연결하며 통합 지원을 강화하는 데 노력하고 있다.', '‘이-테크 프리뷰’는 ETRI 기술사업화플랫폼에서 볼 수 있다.', '[박미영 기자(', 'mypark@boannews.com', ')]']"
"미래 모빌리티 선도 광주시, 군수산업 진출",http://boannews.com/media/view.asp?idx=123452&page=2&kind=2,박미영 기자,2023년 11월 07일 09:26,"['시·육군 군수사령부·광주그린카진흥원 업무협약 체결', '산·학·연·군 전문가 참여 ‘민군협력위원회’ 구성‧운영', '[보안뉴스 박미영 기자] 광주시가 인공지능(AI), 자율주행 등 미래 모빌리티 기술을 앞세워 블루오션인 군수산업에 진격한다. 광주시는 지난 6일 육군 군수사령부, 광주그린카진흥원과 함께 군수산업과 연계한 미래차산업을 육성하고 취약한 지역 군수산업을 지원하는 내용의 ‘미래차산업 육성 등 상호 협력 및 발전을 위한 업무협약’을 체결했다.', '협약에 따라 이들 기관은 △계룡대 자율주행 셔틀 실증 운행 관련 지원 및 정보 교류 △미래 모빌리티 분야 정보 교류 및 군수 지원 협력 △미래차 관련 군수산업 생태계 조성 및 지속 성장을 위한 상호 노력 △광주시 군수산업 육성 및 기업 지원 노력 등에 나선다.', '이들 기관은 원활한 협약 이행을 위해 민군협력위원회를 구성·운영할 계획이다. 위원회에는 지역 내 미래차산업과 관련한 산·학·연 전문가와 군수사령부 전문가들이 대거 참여한다.', '이번 업무협약은 광주시와 육군 군수사령부가 지난 4월부터 진행 중인 ‘계룡대 자율주행셔틀 시범운행사업’ 성공을 위해 상호 신뢰와 협업 필요성이 절실해지면서 추진됐다.', '협약에 앞서 광주시와 군수사령부는 지난 8월 광주 군수산업 생태계 조성을 위한 협력회의를 개최했으며, 9월에는 군수사령부 주관 ‘한·아세안 국제군수포럼’에 광주시가 참가했다. 특히 포럼에는 지역기업인 마루이엔지의 자율주행 셔틀, 코비코의 폭발물방호차량 및 방탄전술차량이 전시돼 관심을 끌었다.', '광주시는 이번 업무협약으로 광주 미래차산업이 군수 분야로 확대될 것으로 기대하고 있다. 국방의 개념이 인공지능(AI), 드론, 무인화, 자율주행 등 새로운 패러다임으로 전환되는 시점이기에 광주의 미래 모빌리티 기술이 ‘K-방산 혁신’과 지역기업의 방산기업 진출에 크게 기여할 것이라는 전망이다. 실제 국방산업은 진입장벽이 높아 개별기업이 홀로 진출하는 데는 어려움이 많다. 이로 인해 광주지역 내 방산기업은 기아가 유일하다.', '군수사령부는 인건비 상승과 출산율 감소에 따른 군수 분야 무인·자동화와 인공지능(AI) 활용 체계 구축이 절실한 상황이어서 미래 모빌리티 선도도시 광주의 첨단 기술이 큰 역할을 할 것으로 내다보고 있다.', '군수사령부는 앞으로 소형·중형·대형 표준군수차량을 개발하고, 발전·정수·취사 등 20개 분야 특수목적차량의 표준모듈을 개발할 계획이다.', '엄용진 육군 군수사령관은 “자동차산업의 메카인 광주와 미래 모빌리티 분야에서 상생 발전을 이뤄갈 수 있어 기쁘다”며, “군수사가 추구하는 사업들이 광주시와 유사한 부분이 많다. 지속적인 교류·협력으로 시너지를 높이고, 앞으로 진취적이고 미래지향적인 성과가 있길 바란다”고 말했다.', '강기정 광주시장은 “오늘은 자율주행 미래차 선도를 위해 처음으로 군과 광주시가 함께하게 된 역사적인 날”이라며, “군과 협약을 맺는 것도 어려운 일인데 자율주행을 함께 시범 실시하고 군수사업에 민이 참여한다는 점에서 의미가 크다. 앞으로도 군과 광주시는 미래차 선도를 위해 더욱 협력을 강화해 나가자”고 말했다.', '[박미영 기자(', 'mypark@boannews.com', ')]']"
"이스트소프트-연세대학교 평생스포츠연구실, AI 시니어콘텐츠 고도화 위한 계약 체결",http://boannews.com/media/view.asp?idx=123459&page=2&kind=3,이소미 기자,2023년 11월 07일 09:21,"['AI 휴먼 시니어케어 서비스 공신력 강화 및 브랜드화 추진...전문 연구·실천 경험 시너지 기대', '[보안뉴스 이소미 기자] AI 서비스 전문기업 이스트소프트(대표 정상원)는 연세대학교 평생스포츠연구실과 AI 휴먼 기반의 시니어케어 서비스 강화와 확장을 목적으로 한 산학협력 계약을 체결했다고 7일 밝혔다.', '연세대학교 평생스포츠연구실은 전 세대에 걸쳐 스포츠 및 여가 활동에 대한 사회적·개인적 요인을 연구하고, 이를 토대로 고령화와 세대 갈등으로 발생하는 다양한 사회적 문제 해결을 위한 이론과 실천 프로그램을 제공하는 연구 조직이다. 또한, 노인스포츠지도사연수원과 협업해 매년 6백여 명의 지도사를 배출하는 데도 관여하고 있다.', '해당 연구실을 책임지고 있는 허진무 교수는 평생스포츠를 기반으로 한 시니어케어 전문가다. 미국에서는 시니어 올림픽 게임의 조직위원으로, 텍사스 A&M 및 인디애나 대학에서는 교수로 활동했다. 국내에서는 연세대학교 노인스포츠지도사 연수원 원장, 아시아피클볼연맹 임원으로도 활동 중이며 지속적으로 연구논문을 발표하는 등 학술적 활동도 활발히 진행하고 있다.', '이번 계약 체결식은 서울 서초구에 위치한 이스트소프트 본사에서 이스트소프트 변계풍 본부장, 연세대학교 스포츠응용산업학과 허진무 교수 등 양측 주요 관계자가 참석한 가운데 진행됐다. 계약 체결식에서 양측은 시니어에게 더 나은 삶의 질을 제공하는 것을 목표로 삼고 글로벌 시니어케어 분야에 긍정적인 변화와 혁신을 만들어가기 위한 협력을 적극적으로 이어 나가기로 했다.', '특히, 교육·금융·엔터 등 다양한 산업군에서 사용성을 입증한 이스트소프트 AI 휴먼 기술에 시니어케어에 전문화된 연세대학교 평생스포츠연구실의 연구 실적과 실천 경험이 시너지를 낼 것으로 양측은 기대하고 있다.', '앞으로 이스트소프트는 연세대학교 평생스포츠연구실과 함께 △시니어케어에 특화된 AI 휴먼 생성 △AI 휴먼을 활용한 전문화된 시니어케어 콘텐츠 기획·제작 △AI 휴먼 콘텐츠 시니어케어 현장 공급 및 최적화 작업 △글로벌 시니어케어 분야 AI 휴먼 확대 적용 등을 위한 협업을 진행하게 된다.', '연세대학교 허진무 교수는 “이번 협업은 시니어케어를 위한 기존 연구와 실천 프로그램 개발 영역에 큰 전환점이 될 것”이라며, “앞으로 AI 휴먼을 활용한 새로운 시도를 통해 더 다양한 연구와 효용 높은 프로그램을 제시하고 피클볼(라켓 스포츠)과 같은 평생스포츠 분야에 AI 휴먼을 접목해 나갈 것”이라고 전했다.', '이스트소프트 AI 사업본부 변계풍 본부장은 “연세대학교 평생스포츠연구실과 협업해 AI 휴먼 시니어케어 서비스의 공신력을 강화하고 이와 함께 브랜드화도 추진해 나갈 것”이라며 “AI 기술력을 기반으로 서비스의 실질적인 효과를 창출하는 데 집중하고자 하며 어르신들에게 꼭 필요한 콘텐츠 사업으로서 사회적 가치를 만들어 낼 것”이라고 말했다.', '[이소미 기자(', 'boan4@boannews.com', ')]']"
"빛고을국민안전체험관, 이동안전체험차량 활용 소방안전 체험 교육 실시",http://boannews.com/media/view.asp?idx=123453&page=2&kind=2,박미영 기자,2023년 11월 07일 09:20,"['[보안뉴스 박미영 기자] 광주시빛고을국민안전체험관은 지난 4일 ‘광산구 시민안전체험 한마당’ 행사에서 이동안전체험차량을 통한 소방안전 체험 교육을 실시했다.', '이동안전체험교실은 빛고을국민안전체험관 체험 프로그램과 연계해 실시되는 소방안전교육으로, 언제 어디서나 찾아가는 이동안전체험교육을 통해 차별 없는 체험 기회 제공과 안전문화 확산을 위해 운영되고 있다.', '이날 이동안전체험교실에서는 400여명의 어린이와 가족들이 참여해 화재·지진안전 체험과 생활 속 안전사고 예방 및 상황대처 능력 향상 체험을 했다.', '주요 교육 내용으로는 △지진 발생 때 안전하게 대피하는 방법 △화재 발생 때 안전하게 대피하는 방법 △실생활 안전사고 예방수칙 등이다.', '황인 빛고을국민안전체험관장은 “이번 행사를 계기로 시민들의 재난 대처능력 향상에 도움이 되길 바란다”며, “앞으로도 이동안전체험교실을 확대 운영해 안전문화 확산에 앞장서겠다”고 말했다.', '[박미영 기자(', 'mypark@boannews.com', ')]']"
"KTL, 김포시와 함께 정보기술 분야 국제표준회의 성공리 개최",http://boannews.com/media/view.asp?idx=123454&page=2&kind=2,박미영 기자,2023년 11월 07일 09:19,"['데이터 서비스 플랫폼 표준화 등 산업 디지털 전환 국제표준화 선도', '[보안뉴스 박미영 기자] 한국산업기술시험원(이하 KTL)은 김포시와 함께 ‘2023년 정보기술(이하 IT) 분야 국제표준(ISO/IEC JTC 1 SC40) 회의’를 성공리에 마무리했다고 밝혔다. 국립전파연구원이 주최하고 산업통상자원부가 후원한 이번 국제표준 회의에는 미국, 캐나다, 프랑스, 중국 등 각국 대표단 40여명이 참가했다.', '최근 인공지능·클라우드 등이 산업 내 녹아들어 데이터 기반의 산업 디지털 전환이 가속화되고 있으며, 데이터의 활용과 위험 최소화를 위해 IT 거버넌스(관리체계) 구축은 선택이 아닌 필수가 됐다. 이에 따라 기업 내 데이터 관리 및 활용, 신뢰성, 보안성 등에 대한 최적의 관리 체계를 정의한 IT 거버넌스 표준 마련 또한 중요해졌다.', '각국 대표단은 총 5일간 IT 거버넌스 및 서비스 관리 분야에 대한 표준 개발 현황을 논의하고, 인공지능·데이터 등과 연계한 미래 방향과 발전 전략을 공동 모색했다. 이번 회의에 대한민국 대표로 참여한 KTL 권종원 산업지능화기술센터장은 2020년 12월에 제안한 ‘클라우드 기반의 디지털 서비스 플랫폼 사용을 위한 거버넌스 구현’ 국제표준의 진행 현황을 발표했다.', '해당 표준은 전통적인 제조 기업이 디지털 전환을 위해 갖춰야 할 디지털 서비스 플랫폼 및 관리 체계에 대한 이해를 돕는 가이드라인으로, 내년 초 기술보고서(Technical Report)로 발간될 예정이다.', '김세종 KTL 원장은 “국제표준이 기술 혁신 촉진·안전 및 품질 확보·국제 무역 증진에 중요한 역할을 하기 때문에, 융·복합 신기술의 시장 우위를 확보하기 위해 국제표준화 선점이 중요하다”며, “KTL은 IT 거버넌스뿐만 아니라 다양한 미래 산업기술 분야의 국제표준화에 앞장서 우리 기업의 경쟁력 제고와 수출 활성화를 지원하고, 나아가 대한민국이 국제적인 표준 강국으로 도약할 수 있도록 맡은 바 소임을 다하겠다”고 말했다.', '김병수 김포시장은 “이번 국제표준 회의는 세계 각국의 표준 전문가들이 모여 디지털 분야의 국제표준과 발전 방향을 논의한 자리로, 스마트 제조 혁신의 중심지인 김포시의 국제적 위상을 더욱 높였다”며, “국제표준회의 유치를 계기로 지역 산업 스마트화 및 경제 발전에 앞장설 뿐만 아니라 애기봉평화생태공원 등 지역 문화유산을 세계적으로 알려 대한민국 대표 경제·문화의 도시로 거듭날 수 있도록 최선의 노력을 다하겠다”고 밝혔다.', '한편, KTL은 산업통상자원부 ‘산업 디지털 전환 적합성 인증 및 실증 기반 구축 사업’ 주관기관으로서 신뢰할 수 있는 인공지능·산업데이터 보급을 통해 지속가능한 산업 디지털 전환 구현에 앞장서고 있다.', '[박미영 기자(', 'mypark@boannews.com', ')]']"
"IITP, 차세대 암호기술 중간 성과보고회 개최",http://boannews.com/media/view.asp?idx=123455&page=2&kind=2,박미영 기자,2023년 11월 07일 09:16,"['기존 암호 방식을 대체하고, 데이터 보호·활용할 수 있는 신기술 확보', '[보안뉴스 박미영 기자] 정보통신기획평가원(이하 IITP)은 지난 3일 ‘차세대 암호기술(동형암호) 중간 성과보고회’를 진행했다.', '동형암호란 데이터를 암호화된 상태에서 연산할 수 있는 차세대 암호기술로, 삼성·MS·IBM 등 글로벌 기업들이 인공지능·블록체인·양자 등에 대한 개인정보보호 대책으로 개발 중이다.', '4차 산업혁명 확산 및 국가 디지털 전환을 뒷받침하기 위한 데이터 활용 및 개인정보보호 신 기술개발의 연구 성과를 보고하는 자리다.', '주요 성과로는 데이터를 안전하게 보호하고 폭넓게 활용할 수 있게 하는 △동형암호 △재현 자료 △차등정보 기술 등이 있다.', '최종 연구 결과는 활용성을 검토해 정부·공공기관에 산재된 데이터를 연계·활용하는 통계청 ‘통계데이터 허브 플랫폼’ 구축에 적용될 예정이다.', '[박미영 기자(', 'mypark@boannews.com', ')]']"
"NIA, 디지털플랫폼정부 민간 공모 선도 프로젝트 조기 구현에 박차",http://boannews.com/media/view.asp?idx=123456&page=2&kind=2,박미영 기자,2023년 11월 07일 09:13,"['디지털플랫폼정부 조기 구현을 위한 공공·민간의 데이터·서비스 기능 연계·협력', '[보안뉴스 박미영 기자] 과학기술정보통신부(이하 과기정통부)와 한국지능정보사회진흥원(이하 NIA)은 지난 3일 민간 혁신 기업 등과 함께 ‘디지털플랫폼정부 민간 공모 국민 체감 선도 프로젝트’의 성공적 추진을 위한 공유·협력의 장을 마련했다.', '국민 체감 선도 프로젝트는 ‘디지털플랫폼정부 실현계획’상의 ‘국민드림(Dream) 프로젝트’와 연계해, 단기간 내에 디지털플랫폼정부 서비스의 효과를 국민과 기업이 직접 체감할 수 있도록 추진하고 있는 사업이다.', '2023년 국민 체감 선도 프로젝트는 민간 공모로 추진되는 3개 과제와 조달 발주로 추진되는 3개 과제 등 총 6개 과제 76억 규모로 추진되며, 금번에는 민간 공모 3개 과제의 이행 현황과 성과를 점검하는 기회를 가졌다.', '청년정책 맞춤형 플랫폼 과제는 청년스타트업인 웰로 주관으로 중앙부처·지자체·공공기관 등에 산재돼 있는 청년 지원 정책 정보를 민간 금융 플랫폼과 연계하며, 이를 통해 청년이면 누구나 청년정책을 한곳에서 통합 검색하고 맞춤형 추천도 받을 수 있는 서비스로 구현될 예정이다.', '[박미영 기자(', 'mypark@boannews.com', ')]']"
"새로운 디지털 질서, 정보통신기술 표준과 지식재산으로 수립한다",http://boannews.com/media/view.asp?idx=123458&page=2&kind=2,박미영 기자,2023년 11월 07일 09:09,"['특허청·과기정통부, ‘세계 정보통신기술(ICT) 표준 학술회의 2023’ 개최', '[보안뉴스 박미영 기자] 특허청은 과학기술정보통신부(이하 과기정통부)와 공동으로 지난 6일부터 8일까지 엘타워(서울 서초구)에서 ‘세계 정보통신기술(ICT) 표준 학술회의(GISC) 2023’을 개최한다고 밝혔다.', '올해로 7회째를 맞은 이번 행사는 세계 디지털 신질서 확립을 주도하기 위한 필수 요건인 정보통신기술(ICT) 표준과 특허의 역할을 강화하기 위해 대내적으로 정보통신기술(ICT) 특허 관련 행사(ICT 특허경영대상 및 ICT 표준특허 학술회의)와 통합하고 대외적으로는 국제표준화회의 및 국제 공동 연수와 연계 개최함으로써 국제 행사로서의 위상을 강화한다는 계획이다.', '지난 6일 개최된 개막식에서는 프랑수아 코울리어(ISO/IEC JTC1 SC 41 의장)와 세이조 오노에(ITU 표준화 총국장)가 각각 가상모형(디지털트윈)·사물인터넷(IoT) 및 인공지능(AI) 기술에 대한 표준화 전망을 주제로 기조 강연을 했고, 이어서 △정보통신기술(ICT) 표준화 유공자 과학기술정보통신부 장관 표창 △특허경영·지원 공적 표창 △표준특허 창출 공적 표창 등의 시상식이 개최됐다.', '3일간의 행사 기간에는 크게 6개의 프로그램인 △정보통신기술(ICT) 특허경영대상 수상기업 성과 발표회 △정보통신기술(ICT) 표준참여잇기(챌린지) 발표회 △국가전략기술 표준 △정보통신기술(ICT) 표준특허 발표회 △정보통신기술(ICT) 표준 인사이트 국제 공동 연수 △국내 표준화 전문가 발표회가 열리며, 동시에 국내에서 유치한 국제회의도 함께 개최된다.', '첫날에는 ‘정보통신기술(ICT) 표준참여잇기(챌린지) 공모전 발표회’에서 정보통신기술(ICT) 표준의 역할과 중요성에 대한 대국민 인식 제고를 위해 생활 속 표준활용사례 및 표준 아이디어 공모전 수상작을 발표했고, ‘정보통신기술(ICT) 특허경영대상 수상기업 성과 발표회’에서는 정보통신기술(ICT) 융합 시대의 지식재산(IP) 전략 및 특허경영의 미래 가치 제고에 기여한 특허경영 우수 성과 발표를 진행한다.', '1~2일차에 걸쳐 진행된 ‘국가전략기술 표준발표회’에서는 우리나라가 제시한 디지털 권리장전의 기본원칙에 입각해 양자·인공지능(AI)·이동수단(모빌리티)·확장가상세계(메타버스)·사이버보안·차세대 통신 등 디지털 전환의 6가지 핵심 기술에 대해 부문별로 정부 정책 및 국가 연구개발(R&D) 추진 방향 소개·표준화 전략·국내외 표준화 동향·신흥 기술 등을 발표했다.', '또 2일차 ‘정보통신기술(ICT) 표준특허 발표회’에서는 백만기 국가지식재산위원회 위원장의 기조강연을 시작으로 표준특허 관련 쟁점·정책 및 동향·표준특허 관점의 유망 기술 등을 알아봤다.', '마지막 3일차는 정보통신기술(ICT) 표준 인사이트 국제 공동 연수 2개 행사와 함께 국내 표준 전문가 발표회 및 정보통신기술(ICT) 표준 연구개발(R&D) 우수 성과 발표회가 개최될 예정이다.', '‘Exploring 3GPP Standardization’ 국제공동 연수에서는 한국정보통신기술협회(TTA) 이동통신 표준화위원회 김대균 의장(삼성전자) 주재로 3GPP의 무선접속망(RAN, Radio Access Network)·서비스&시스템(SA, Service & System Aspects) 및 코어망 & 단말(CT, Core Network & Terminals) 등 핵심 그룹 의장들이 연사로 참여해 5G-Advanced에 대한 표준화 현황 및 전망을 발표하고, ‘ISO/IEC’s IoT and Digital Twin Standardization’ 국제공동 연수에서는 개막식 기조 강연자인 프랑수아 코울리어 의장이 직접 연사로 나서 ISO/IEC의 표준화 전략을 소개한다.', '또한 국내 표준 전문가들이 한자리에 모여 양자기술, 확장가상세계(메타버스), 언어지능 등 미래 핵심 기술에 대한 전략적 대응을 위한 ‘정보통신기술(ICT) 표준 전문가 발표회’와 함께 국가 연구개발(R&D) 사업을 통한 5G 특화망, 차세대통신, 양자암호통신 등 정보통신기술(ICT) 기술에 대한 표준 및 표준특허 개발 성과를 공유하는 자리가 마련된다.', '과기정통부 강도현 정보통신정책실장은 “디지털 심화 시대를 맞아 국제사회가 새로운 디지털 질서를 확립하기 위해서는 정보통신기술(ICT) 표준과 특허의 세계 연대·협력이 중요하다”며, “‘세계 정보통신기술(ICT) 표준 학술회의 2023’을 통해 국내외 전문가들이 한자리에 모여 디지털 공동 번영 사회 구현을 위한 디지털 혁신 기술의 표준과 특허 현주소를 확인하고 디지털 신질서가 여는 미래를 그려 보는 기회가 되기를 바란다”고 말했다.', '특허청 목성호 산업재산정책국장은 “초연결시대에 접어들면서 정보통신기술(ICT) 표준특허의 영향력이 업종을 넘나들며 확장되고 있다”며, “특허청은 과기정통부와 협력해 정보통신기술(ICT) 지식재산 경쟁력 강화에 박차를 가하겠다”고 밝혔다.', '[박미영 기자(', 'mypark@boannews.com', ')]']"
